ID_Producto,Producto,Categoria,Marca,Stock_Actual,Fecha_Vencimiento,Proveedor,Costo_Unitario
1,AB-BRONCOL NF 1200-AMPOLLA,AMPOLLAS,MEDIFARMA,337,2028-06-04,Laboratorios Portugal,130.22
2,ACIDO TRANEXAMICO 1GR/10ML AMP,AMPOLLAS,CAPLIN,67,2026-09-13,Laboratorios Portugal,143.71
3,AGUA DESTILADA 5ML-AMPOLLA,AMPOLLAS,PHARMA GENERICOS,22,2028-03-24,Drogueria INTI,71.57
4,ALBUMINA HUMANA 20% X50ML-FRASCO SOLUCION PARA PERFUSION,AMPOLLAS,MEGALABS,389,2026-01-25,Andina Salud,115.91
5,AMIKACINA 500MG/2ML AMP,AMPOLLAS,SIN MARCA,150,2026-05-15,Farmacorp,88.73
6,AMIKACINA 500MG/2ML-AMPOLLA,AMPOLLAS,MEDIFARMA,135,2028-12-18,Drogueria INTI,96.44
7,AMIKACINA SULFATO 1GR/ML,AMPOLLAS,DANY,124,2027-09-13,Andina Salud,44.77
8,APIRON 1GR (METAMIZOL 1GR) AMPOLLA,AMPOLLAS,SIN MARCA,81,2026-04-15,Andina Salud,44.62
9,ATROPINA 1MG/ML - AMPOLLA,AMPOLLAS,JPS,387,2027-03-09,Andina Salud,73.84
10,Betacort Depot 10mg/2mL SuspensiÃ³n Inyectable,AMPOLLAS,SIN MARCA,62,2026-12-25,DANY,18.92
11,BICARBONATO DE SODIO 8.4% 20ML,AMPOLLAS,SIN MARCA,356,2026-01-26,Andina Salud,60.38
12,CEFAZOLINA 1GR POLVO PARA PERFUSION AMP,AMPOLLAS,DANY,389,2028-07-20,Andina Salud,106.68
13,CEFTAZIDIMA 1GR IM/IV-AMPOLLA,AMPOLLAS,PHARMA GENERICOS,466,2026-04-07,Drogueria INTI,69.58
14,CEFTREX (ceftriaxona 1g) I.M,AMPOLLAS,SIN MARCA,289,2026-02-20,Medifar,37.28
15,CEFTRIAXONA 1GR POLVO PARA SOLUCION AMP,AMPOLLAS,PHARMA GENERICOS,54,2026-08-20,DANY,78.1
16,CETAMIN -VITAMINA C 0.5GR/1ML-AMPOLLA,AMPOLLAS,DISMEDIN,312,2028-12-28,Medifar,32.23
17,CLINDAMICINA 600MG/4ML AMP,AMPOLLAS,DANY,226,2026-04-24,Drogueria INTI,99.0
18,CLORFEDAN 10MG/ML (CLORFENAMINA) AMPOLLA,AMPOLLAS,DANY,26,2026-07-15,Laboratorios Portugal,18.64
19,CLORURO DE POTASIO (kalium) 20% 10ML AMP,AMPOLLAS,LABOT,25,2026-09-07,Medifar,68.19
20,CLORURO DE SODIO 20% (hipersodio) 20ML,AMPOLLAS,SIN MARCA,57,2026-03-17,Farmacorp,91.19
21,COMPLEJO B-AMPOLLA,AMPOLLAS,DISMEDIN,121,2027-04-27,Farmacorp,18.66
22,CORTIFLEX (TRIAMCINOLONA) 40MG/1ML-AMP,AMPOLLAS,AC PHARMA,129,2028-10-11,Laboratorios Portugal,101.77
23,CUTENOX (ENOXAPARINA) 40MG/0.4ML-AMPOLLA,AMPOLLAS,CAPLIN,268,2028-10-25,Drogueria INTI,33.32
24,DEXAMETASONA 4MG/2ML AMP,AMPOLLAS,LABOT,318,2028-06-08,Farmacorp,77.33
25,DEXTROSA 33.3%,AMPOLLAS,SIN MARCA,23,2027-03-22,DANY,21.79
26,DICLOFENACO SODICO 75MG/3ML,AMPOLLAS,DANY,297,2028-04-14,Drogueria INTI,66.18
27,DIMENHIDRINATO 50MG/5ML AMP,AMPOLLAS,DANY,111,2027-05-02,Farmacorp,43.57
28,Dolocofamin 3B ampolla I.M,AMPOLLAS,SIN MARCA,376,2028-10-24,Quimica Suiza,59.12
29,DORFLEX (pridinol2.2mg diclofenaco 75mg/3ml),AMPOLLAS,SIN MARCA,342,2026-11-22,Laboratorios Portugal,117.77
30,EPINEFRINA 1MG/ML AMPOLLA,AMPOLLAS,DANY,369,2027-09-16,Laboratorios Portugal,66.18
31,ESCOPOLAMINA N-BUTIL BROMURO 20MG/ML AMP,AMPOLLAS,DANY,289,2026-06-21,Laboratorios Portugal,116.52
32,ESQUIDOL- HG (HALOPERIDOL 5MG/ML) AMP,AMPOLLAS,SIN MARCA,224,2028-07-26,Drogueria INTI,127.31
33,FENITOINA 100MG/2ML -AMPOLLA IM IV,AMPOLLAS,SIN MARCA,122,2028-06-23,DANY,49.06
34,FENTANILO AMP 50MCG/ML 10 ML,AMPOLLAS,SIN MARCA,239,2027-07-05,Andina Salud,26.06
35,FITOMENADIONA 10MG/ML,AMPOLLAS,DANY,311,2027-07-06,Laboratorios Portugal,17.62
36,FLEXICAM B12 FORTE (meloxicam/cianocobalamina)-AMPOLLA,AMPOLLAS,SIN MARCA,152,2028-08-08,DANY,87.82
37,FLUIMICIL 300MG/3ML (ACETILCISTEINA)-AMPOLLA,AMPOLLAS,ZAMBON,424,2026-05-28,Farmacorp,149.99
38,FUROSEMAX (FUROSEMIDA 20MG/2ML) - AMPOLLA,AMPOLLAS,DANY,455,2028-03-26,Quimica Suiza,62.24
39,GENTABIOT (GENTAMICINA 160MG/2ML)-AMPOLLA,AMPOLLAS,DANY,13,2027-01-18,Drogueria INTI,102.77
40,GLUCONATO DE CALCIO 10% x10ml-AMPOLLA,AMPOLLAS,DANY,398,2027-07-18,Farmacorp,120.47
41,HIDROCORTISONA 100MG-POLVO INYECTABLE,AMPOLLAS,VITALIS,422,2028-03-13,Andina Salud,102.99
42,HIDROXOCOBALAMINA 1MG/1ML-AMPOLLA,AMPOLLAS,LUSA,91,2026-05-07,Farmacorp,116.82
43,HIERRONIM 100MG/5ML (HIERRO SACARATO)-AMPOLLA,AMPOLLAS,OQPHARMACEUTICAL,367,2027-11-03,DANY,143.2
44,IMIPENEM/CILASTATINA 500/500MG-AMPOLLA,AMPOLLAS,DANY,226,2027-06-03,Laboratorios Portugal,41.91
45,ITUBIOT 500MG/2ML (Amikacina Sulfato)- AMPOLLA,AMPOLLAS,DANY,184,2028-12-27,Quimica Suiza,17.75
46,ITUBIOT-F 1GR/4ML (Amikacina Sulfato)-AMPOLLA,AMPOLLAS,DANY,152,2026-01-09,DANY,35.57
47,KETAMINA 500MG X10ML-AMPOLLA-CONTROLADOS,AMPOLLAS,SIN MARCA,89,2027-11-20,DANY,32.04
48,KETOPLUS (KETOPROFENO) 100 MG/5ML INTRAVENOSA-AMPOLLA,AMPOLLAS,SWISS,120,2028-01-28,Laboratorios Portugal,105.38
49,KETOPROFENO 100MG/2ML IM-AMPOLLA,AMPOLLAS,GENFAR,500,2026-04-26,Medifar,91.14
50,KETOROLACO 30MG/1ML INTRAVENOSA - AMPOLLA,AMPOLLAS,DANY,400,2028-12-22,Laboratorios Portugal,44.43
51,KETOROLACO 60MG/2ML IM-AMPOLLA,AMPOLLAS,DANY,182,2028-04-16,Medifar,109.43
52,KIT CHOLO 2 INJEKTOPLAS X 2ML-AMPOLLA,AMPOLLAS,SIN MARCA,62,2026-06-10,Laboratorios Portugal,118.53
53,LIDOCAINA CLORHIDRATO 2% S/P 20 ML,AMPOLLAS,SIN MARCA,57,2026-04-07,Quimica Suiza,37.65
54,LYMPHDIARAL INJEKTOPAS X2ML-AMPOLLA,AMPOLLAS,SIN MARCA,204,2028-02-24,DANY,96.98
55,MCZONE 1000MG (CEFTRIAXONA 1G) - VIAL,AMPOLLAS,SIN MARCA,59,2027-04-23,Quimica Suiza,115.97
56,MESIGYNA -AMPOLLA,AMPOLLAS,SIN MARCA,193,2028-12-07,Drogueria INTI,30.46
57,METAMIZOL SODICO 1GR/2ML-AMPOLLA,AMPOLLAS,LABOT,443,2027-04-18,Laboratorios Portugal,125.61
58,METOCLONYL 10MG/2ML (METOCLOPRAMIDA)-AMPOLLA,AMPOLLAS,DANY,186,2027-05-13,DANY,145.24
59,MIOFEDROL RELAX - INY- IM,AMPOLLAS,MARKOS,319,2027-09-21,Medifar,29.59
60,MUXATIL (N-acetilcisteina) 300MG/3ML AMP,AMPOLLAS,SIN MARCA,145,2027-05-09,Drogueria INTI,18.47
61,NEUROBION 1000-AMPOLLA,AMPOLLAS,SIN MARCA,423,2027-09-16,Farmacorp,57.11
62,NOFERTIL 150MG/ML-AMPOLLA,AMPOLLAS,SIN MARCA,32,2027-02-26,Quimica Suiza,106.44
63,NOREPINFRINA 4MG/4ML AMP,AMPOLLAS,DANY,383,2028-08-25,Drogueria INTI,144.35
64,OMEPRAZOL 40 MG POLVO PARA SOLUCION AMP,AMPOLLAS,PHARMA GEN,245,2027-04-12,DANY,68.55
65,ONDANSETRON 8MG/4ML-AMPOLLA,AMPOLLAS,DANY,284,2027-07-02,Quimica Suiza,111.53
66,ORFENADRINA CITRATO 60MG/2ML AMP,AMPOLLAS,DANY,73,2028-04-24,Drogueria INTI,25.26
67,OXACILINA 1GR-POLVO PARA SOL. INY,AMPOLLAS,DANY,482,2026-01-09,Farmacorp,108.23
68,OXITOCINA 10UI/ML -AMPOLLA,AMPOLLAS,LABOT,203,2028-10-19,Farmacorp,99.68
69,Paracetamol Iv 10Mg/Ml - Frasco 100 ML,AMPOLLAS,SIN MARCA,50,2028-07-10,Andina Salud,28.76
70,PASCONAL FORTE INJEKTOPAS X2ML-AMPOLLA,AMPOLLAS,SIN MARCA,292,2026-04-11,Medifar,119.28
71,PENICILINA BENZATINICA1200000 UI-POLVO,AMPOLLAS,PHARMA GEN,160,2026-07-19,DANY,129.79
72,PENICILINA G PROCAINICA 1000000UI Inyectable,AMPOLLAS,DANY,434,2026-08-18,Andina Salud,96.06
73,PLIDAN COMPUESTO FORTE (AMPOLLA),AMPOLLAS,SIN MARCA,331,2028-11-11,Medifar,31.34
74,RANITIDINA 50MG/2ML IM/IV- AMPOLLA,AMPOLLAS,PHARMA GENERICOS,326,2027-08-24,Farmacorp,147.82
75,REDEX (DICLOFENACO SODICO)-AMP- 75mg/3ml,AMPOLLAS,TEVA,463,2028-12-16,Drogueria INTI,120.66
76,REFORCE (vitamina c) 7.5/50ML-AMPOLLA,AMPOLLAS,DROPESAC,451,2027-03-24,DANY,61.87
77,RONEM (meropenem) 500MG-POLVO,AMPOLLAS,SIN MARCA,195,2027-03-05,Laboratorios Portugal,72.83
78,RONEM 1GR (Meropenem)-POLVO P/SOL INY-VIAL,AMPOLLAS,PHARMA GEN,305,2028-09-16,Quimica Suiza,65.03
79,SUERO VITADEX - B,AMPOLLAS,SIN MARCA,108,2026-09-21,Farmacorp,83.3
80,SULFATO DE MAGNESIO 20%.AMPOLLA,AMPOLLAS,DANY,370,2026-09-02,Farmacorp,61.07
81,TRAMADOL 50MG/1ML IM/IV-AMPOLLA,AMPOLLAS,GENFAR,45,2026-11-02,DANY,129.69
82,TRAMADOL CLORHDRATO 100MG/2ML AMP,AMPOLLAS,PHARMA GENERICOS,33,2026-07-05,DANY,126.01
83,TRIANCIMAX 50MG/5ML (triamcinolona)-VIAL,AMPOLLAS,SIN MARCA,348,2028-04-03,Drogueria INTI,29.25
84,VANCOMICINA 500MG-AMPOLLA,AMPOLLAS,PHARMA GEN,126,2028-03-01,DANY,144.71
85,VASOPRESS (ETILEFRINA) 10MG/1ML -AMPOLLA,AMPOLLAS,REYO,405,2026-09-15,Laboratorios Portugal,100.8
86,VITACOSE AMPOLLA-UNIDAD,AMPOLLAS,QUILAB,158,2027-01-20,Farmacorp,126.88
87,ALWAYS NOCHE SECA X8UNIDADES-PAQUETE,ASEO PERSONAL,SIN MARCA,50,2028-11-20,Farmacorp,18.56
88,ALWAYS PROTECCION TOTAL SUAVE X8UNIDADES-PAQUETE,ASEO PERSONAL,SIN MARCA,447,2027-11-16,Drogueria INTI,12.58
89,ALWAYS PROTECTOR DIARIO-UNIDAD,ASEO PERSONAL,ALWAYS,129,2026-01-18,DANY,19.14
90,BLOQUEADOR BAHIA FACES COLOR 10GR-SACHET,ASEO PERSONAL,LAB. PORTUGAL,453,2028-07-01,Farmacorp,24.24
91,BLOQUEADOR BAHIA SPF90 10GR-SACHET,ASEO PERSONAL,LAB. PORTUGAL,61,2026-09-24,Medifar,8.94
92,BLOQUEADOR BAHIA TOTAL SUNBLOCK SPF 100-SACHET,ASEO PERSONAL,SIN MARCA,204,2027-09-10,Medifar,20.78
93,BLOQUEADOR DERMOSOL PEDIATRICO SPF 100 X10GR-SACHET,ASEO PERSONAL,SIN MARCA,152,2026-09-27,Laboratorios Portugal,14.84
94,"CEPILLO DENTAL COLGATE ""NIÃ‘OS""-UNIDAD",ASEO PERSONAL,SIN MARCA,242,2028-11-14,Medifar,13.64
95,CEPILLO DENTAL KOLYNOS-UNIDAD,ASEO PERSONAL,KOLYNOS,335,2026-02-04,Medifar,12.58
96,CEPILLO JUNGLE LINE NIÃ‘OS,ASEO PERSONAL,TUINES,437,2028-03-08,Farmacorp,19.08
97,COLETS SURTIDO-UNIDAD,ASEO PERSONAL,SIN MARCA,196,2026-10-17,Quimica Suiza,8.9
98,COLGATE TRIPLE ACCION 50GR-PASTA DENTAL,ASEO PERSONAL,COLGATE,93,2027-06-09,Medifar,21.74
99,COLGATE X22ML-PASTA DENTAL,ASEO PERSONAL,COLGATE,199,2027-02-12,Laboratorios Portugal,21.28
100,COLGATE ZIG ZAG CARBON (CEPILLO),ASEO PERSONAL,COLGATE,191,2027-08-19,Medifar,4.91
101,COLGATE-CEPILLO DENTAL,ASEO PERSONAL,COLGATE,117,2026-12-08,Farmacorp,22.4
102,CORTAUÃ‘A ADULTO-SURTIDO,ASEO PERSONAL,SIN MARCA,353,2027-11-27,DANY,8.36
103,Crema Dental Colgate Triple AcciÃ³n,ASEO PERSONAL,COLGATE,146,2026-11-28,Andina Salud,13.22
104,DENTO HERBAL CREMA DENTAL X90GR-UNIDAD,ASEO PERSONAL,SIN MARCA,369,2028-01-03,Farmacorp,16.43
105,DENTO-CEPILLO DENTAL,ASEO PERSONAL,DENTO,489,2027-07-13,DANY,11.34
106,DESODORANTE AVAL 150ML (MUJER),ASEO PERSONAL,SIN MARCA,359,2028-08-02,Drogueria INTI,3.63
107,DESODORANTE AVAL X150ML- AEROSOL,ASEO PERSONAL,AVAL XTREME,341,2028-01-23,Laboratorios Portugal,21.72
108,Desodorante AXE (MEN),ASEO PERSONAL,SIN MARCA,46,2026-02-16,Medifar,7.0
109,Desodorante REXONA (MEN) X150ML- SPRAY,ASEO PERSONAL,SIN MARCA,321,2027-11-26,Drogueria INTI,7.67
110,DESODORANTE REXONA MEN 10GR-SACHET CON TAPA,ASEO PERSONAL,REXONA,335,2027-10-28,Medifar,20.55
111,DESODORANTE REXONA MUJER X10GR-SACHET CON TAPA,ASEO PERSONAL,REXONA,97,2026-09-02,Andina Salud,10.49
112,Desodorante Spray Dove 150ml,ASEO PERSONAL,SIN MARCA,283,2026-04-28,DANY,22.37
113,EGO FOR MEN GEL (POTE 100ml),ASEO PERSONAL,SIN MARCA,383,2028-10-16,Quimica Suiza,18.43
114,FLORESTA JABON DE GLICERINA X 100GR-SURTIDO,ASEO PERSONAL,LAB. PORTUGAL,135,2027-01-03,Andina Salud,9.08
115,GEL DENTAL COLGATE KIDS,ASEO PERSONAL,SIN MARCA,93,2028-05-18,Farmacorp,3.22
116,GEL INTIME X10ML-SACHET,ASEO PERSONAL,LACOOPER,246,2028-11-02,Farmacorp,23.86
117,HISOPO BB CLUB - 60UND-,ASEO PERSONAL,SIN MARCA,204,2026-06-01,Drogueria INTI,4.88
118,JABON CAMAY clasico  rosas,ASEO PERSONAL,SIN MARCA,148,2026-10-05,Drogueria INTI,18.84
119,JABON DOVE X90GR-SURTIDO,ASEO PERSONAL,SIN MARCA,483,2028-07-03,Farmacorp,13.75
120,JABON GEL INTIME FRASCO X150ML,ASEO PERSONAL,LACOOPER,337,2027-03-19,Laboratorios Portugal,19.68
121,JABON JOHNSONS BABY X75GR-SURTIDO,ASEO PERSONAL,SIN MARCA,362,2026-10-27,Farmacorp,18.19
122,JABON LIQUIDO AVAL 400ML ANTIBACTERIAL,ASEO PERSONAL,AVAL,295,2027-11-18,Farmacorp,17.21
123,JABON PALMOLIVE ALOE X75GR,ASEO PERSONAL,SIN MARCA,122,2027-07-25,Medifar,13.8
124,JABON PROTEX AVENA/FRESH/LIMPIEZA X 75GR,ASEO PERSONAL,SIN MARCA,360,2028-03-26,Andina Salud,20.44
125,JABON REXONA ANT FRESH 84GR - UNIDAD,ASEO PERSONAL,SIN MARCA,176,2028-12-03,Laboratorios Portugal,5.05
126,KOLYNOS SUPER BLANCO 60ML,ASEO PERSONAL,KOLYNOS,441,2028-12-12,Medifar,7.88
127,KOLYNOS X22ML-PASTA DENTAL,ASEO PERSONAL,KOLYNOS,403,2026-02-14,Quimica Suiza,18.22
128,KOTEX DIARIAS -UNIDAD,ASEO PERSONAL,SIN MARCA,407,2026-02-11,Laboratorios Portugal,9.74
129,KOTEX DISPENSADOR TOALLA HIGIENICA-UNIDAD,ASEO PERSONAL,SIN MARCA,38,2028-10-20,Medifar,15.79
130,KOTEX NOCTURNA X8UN-TOALLA HIGIENICA-PAQUETE,ASEO PERSONAL,SIN MARCA,127,2027-06-01,Farmacorp,13.41
131,KOTEX NORMAL X10UN-TOALLA HIGIENICA,ASEO PERSONAL,SIN MARCA,430,2028-05-26,Medifar,14.68
132,LACTACYD PRO-BIO FEMINA FLORAL X200ML-FRASCO,ASEO PERSONAL,SIN MARCA,26,2027-08-08,Drogueria INTI,12.36
133,LADY SPEED STICK DESODORANTE CREMA DAMA X9GR-SACHET,ASEO PERSONAL,LADY SPEED,422,2027-09-13,Laboratorios Portugal,19.41
134,LADYSOFT (paquete 10und) + toalla nocturna- PAQUETE PROM,ASEO PERSONAL,SIN MARCA,171,2027-03-22,DANY,10.28
135,Ladysoft diarias (paqu x 15 und) -PAQUETE,ASEO PERSONAL,SIN MARCA,215,2028-11-13,Farmacorp,18.46
136,LADYSOFT DISPENSADOR-TOALLA HIGIENICA-UNIDAD,ASEO PERSONAL,LADYSOFT,147,2026-10-10,Andina Salud,8.96
137,LADYSOFT NOCTURNA DISPENSADOR-UNIDAD,ASEO PERSONAL,LADYSOFT,43,2026-12-03,Medifar,8.53
138,LADYSOFT NOCTURNA X10 -PAQUETE,ASEO PERSONAL,LADY SPEED,118,2026-05-05,Farmacorp,5.65
139,LADYSOFT-TOALLA SANITARIA-PAQUETE,ASEO PERSONAL,SIN MARCA,477,2027-12-26,Laboratorios Portugal,7.24
140,LIPSTICK FRUTAS SPF30.VIT E X5GR,ASEO PERSONAL,LAB. PORTUGAL,492,2028-03-24,DANY,5.63
141,LOVE LUB-LUBRICANTE X40GR -TUBO,ASEO PERSONAL,AC PHARMA,300,2027-06-12,Drogueria INTI,14.79
142,NIVEA CREMA X30ML-LATA,ASEO PERSONAL,NIVEA,458,2026-02-01,Drogueria INTI,19.77
143,NOSOTRAS NATURAL -TOALLAS HIGIENICAS,ASEO PERSONAL,SIN MARCA,377,2027-08-12,Laboratorios Portugal,7.07
144,NUTRIBELA SHAMPOO HIALURONICO 22ML +8ML (SACHET),ASEO PERSONAL,SIN MARCA,171,2027-02-05,Laboratorios Portugal,7.76
145,NUTRIBELA TRATAMIENTO REPARACION INTENSA 27ML -SACHET,ASEO PERSONAL,SIN MARCA,118,2026-03-14,Medifar,13.65
146,OLD SPICE DESODORANTE SPRAY X150ML-UNIDAD,ASEO PERSONAL,SIN MARCA,345,2027-09-18,Farmacorp,18.94
147,ORAL B 1 2 3 - CEPILLO DENTAL-ORAL B,ASEO PERSONAL,SIN MARCA,265,2028-07-04,Andina Salud,24.49
148,ORAL B COMPLETE 4EN1 X 50ML- PASTA DENTAL,ASEO PERSONAL,SIN MARCA,212,2026-02-12,DANY,14.54
149,ORALFRESH enjuague bucal MENTA FRESCA X250ML-FRASCO,ASEO PERSONAL,SIN MARCA,462,2028-02-20,Laboratorios Portugal,9.23
150,PACK HERBAL ESSENCE REPAIR ARGAN OIL (SHAMPOO+ACCONDICIONADOR) X400ML-PACK,ASEO PERSONAL,SIN MARCA,478,2028-06-28,Laboratorios Portugal,5.21
151,PANTENE 2-1 CUIDADO 100ML-FRASCO,ASEO PERSONAL,SIN MARCA,339,2027-01-10,Quimica Suiza,7.27
152,PANTENE SACHET COLAGENO DUAL X27ML,ASEO PERSONAL,SIN MARCA,244,2027-07-25,Drogueria INTI,8.0
153,PANTENE SH. RESTAURACION 300ML-FRASCO,ASEO PERSONAL,SIN MARCA,83,2026-12-18,Quimica Suiza,6.95
154,PANTENE TRATAMIENTO ANTIFRIZZ X27ML-SACHET,ASEO PERSONAL,SIN MARCA,145,2026-10-17,DANY,3.31
155,PAÃ‘ITO HUMEDO VEESPER BLANCO X 100UND-UNIDAD,ASEO PERSONAL,SIN MARCA,81,2026-11-13,Andina Salud,14.75
156,PAÃ‘ITOS HUMEDOS 4 EN 1 HUGGIES X80 -PAQUETE VERDE,ASEO PERSONAL,SIN MARCA,136,2026-03-09,Laboratorios Portugal,9.03
157,PAÃ‘UELOS ELITE ALOE VERA -DISPENSADOR,ASEO PERSONAL,ELITE,391,2027-05-16,DANY,24.43
158,PAPEL ELITE DUO-UNIDA,ASEO PERSONAL,ELITE,297,2026-02-06,Medifar,15.17
159,PAPEL ELITE TRIPLE HOJA,ASEO PERSONAL,SIN MARCA,285,2027-05-14,Drogueria INTI,18.34
160,PAPEL HIGIENICO ELITE SIMPLE-UN,ASEO PERSONAL,SIN MARCA,144,2027-08-26,Quimica Suiza,5.78
161,PAPEL HIGIENICO NOBLE,ASEO PERSONAL,SIN MARCA,392,2026-06-09,Drogueria INTI,22.11
162,PAPEL IDEAL EMBOLSADO -UNIDAD,ASEO PERSONAL,SIN MARCA,309,2026-12-21,Quimica Suiza,13.8
163,PAPEL PERLITA SIMPLE,ASEO PERSONAL,SIN MARCA,229,2027-10-20,DANY,22.2
164,PAPEL SUAVE-UNIDAD,ASEO PERSONAL,SUAVE,469,2026-08-04,Laboratorios Portugal,15.63
165,PAPEL SUPER,ASEO PERSONAL,SIN MARCA,308,2026-05-01,Farmacorp,13.33
166,PAPEL TOALLA NOVA MEGARROLLO-UNIDAD,ASEO PERSONAL,SIN MARCA,214,2027-06-27,Farmacorp,12.69
167,PAPEL TOALLA PARACAS,ASEO PERSONAL,SIN MARCA,195,2028-07-26,Medifar,7.06
168,PEINE GRANDE-SURTIDO,ASEO PERSONAL,SIN MARCA,122,2027-08-11,Andina Salud,4.13
169,PEINE PEQUEÃ‘O-SURTIDO,ASEO PERSONAL,SIN MARCA,80,2027-11-20,Drogueria INTI,23.7
170,PINZA CORAZON-UNIDAD,ASEO PERSONAL,SIN MARCA,270,2026-05-11,Andina Salud,13.51
171,Polvo Compacto Ponds Clarant B3 Piel Clara / natural 1,ASEO PERSONAL,PONDS,262,2028-12-07,Quimica Suiza,21.09
172,QUITA ESMALTE CON ACETONA (FRESA) 30ML,ASEO PERSONAL,SIN MARCA,56,2027-06-06,Laboratorios Portugal,11.82
173,QUITA ESMALTE CON ACETONA (LIMON) 30ML,ASEO PERSONAL,SIN MARCA,396,2027-06-10,Medifar,4.63
174,RASURADOR QUATTRO,ASEO PERSONAL,SIN MARCA,34,2028-12-21,Farmacorp,16.85
175,RASURADOR- ULTRA BARBA,ASEO PERSONAL,SIN MARCA,450,2027-10-26,Farmacorp,4.18
176,SECRET DESODORANTE GEL BERRY 45GR-UNIDAD,ASEO PERSONAL,SIN MARCA,66,2026-06-13,Medifar,6.28
177,SECRET DESODORANTE SPRAY X 93GR-UNIDAD,ASEO PERSONAL,SIN MARCA,88,2027-07-12,DANY,15.38
178,SEDAL shammpoo pote 190ml,ASEO PERSONAL,SIN MARCA,331,2026-10-07,Drogueria INTI,9.68
179,SHAMPO EGO MEN 2EN1 FRASCO X400ml -SURTIDO-UNIDAD,ASEO PERSONAL,SIN MARCA,91,2028-09-06,Andina Salud,24.87
180,SHAMPO H&S HEAD SHOULDERS ANTI COMEZON X15ML-SACHET,ASEO PERSONAL,SIN MARCA,415,2028-09-01,Quimica Suiza,5.61
181,SHAMPO H&S HEAD SHOULDERS X18ML-SACHET,ASEO PERSONAL,P&G,358,2028-08-23,Andina Salud,19.82
182,SHAMPO HEAD SHOULDERS X250ML-FRASCO,ASEO PERSONAL,SIN MARCA,226,2026-08-26,Farmacorp,16.34
183,SHAMPO SEDAL X45 ML-SACHET,ASEO PERSONAL,SIN MARCA,315,2027-12-03,Medifar,20.4
184,SHAMPOO HEAD & SHOULDERS ANTI-COMEZÃ“N FRASCO 375ML,ASEO PERSONAL,SIN MARCA,42,2027-11-16,Farmacorp,7.97
185,SHAMPOO HEAD & SHOULDERS ANTI-COMEZÃ“N X180ML-FRASCO,ASEO PERSONAL,SIN MARCA,207,2026-11-10,Laboratorios Portugal,14.5
186,SPEED STICK DESODORANTE,ASEO PERSONAL,SIN MARCA,205,2026-05-22,Farmacorp,12.91
187,TALCO ISANA (pies) X60GR-FRASCO,ASEO PERSONAL,SIN MARCA,315,2026-12-14,Quimica Suiza,12.74
188,TOALLAS DIARIAS X20UN-KOTEX PAQUETE,ASEO PERSONAL,SIN MARCA,249,2027-02-15,Drogueria INTI,21.92
189,Toallas HigiÃ©nicas VEESPER Morado Paquete 10u,ASEO PERSONAL,VEESPER,280,2028-08-19,Drogueria INTI,24.78
190,Toallas HigiÃ©nicas VEESPER Morado X UNIDAD,ASEO PERSONAL,VEESPER,138,2027-09-17,Laboratorios Portugal,9.72
191,Toallas HigiÃ©nicas VEESPER Rosado Paquete 10u,ASEO PERSONAL,VEESPER,293,2028-07-18,Quimica Suiza,16.66
192,Toallas HigiÃ©nicas VEESPER Rosado X UNIDAD,ASEO PERSONAL,VEESPER,450,2026-06-23,Medifar,16.41
193,TOALLAS HUMEDAS HUGGIES 80UND-PAQUETE AMARILLO,ASEO PERSONAL,HUGGIES,492,2028-10-21,Andina Salud,19.28
194,VASELINA REUTER X18GR-LATA,ASEO PERSONAL,SIN MARCA,15,2026-02-25,Medifar,23.85
195,VASELINA REUTER X5GR-LATA,ASEO PERSONAL,DELFARMA,358,2026-11-22,Andina Salud,7.57
196,VESSPER PAÃ‘ITOS HUMEDOS 120 PCS,ASEO PERSONAL,SIN MARCA,379,2027-03-21,Drogueria INTI,7.64
197,BABYSEC RECIEN NACIDO 20 und,BEBE,SIN MARCA,68,2028-01-19,Farmacorp,28.11
198,BIBERON RN 2oz-APOOL,BEBE,APOOL,359,2028-11-21,DANY,10.5
199,ESTUCHE BURBUJITA DR. ZAIDMAN (BEBE) 4 PZS shampo/talco/crema/jabon-CAJA,BEBE,SIN MARCA,463,2027-06-26,Farmacorp,11.08
200,PAMPERS NEW BORN RN X20UND-PAQUETE,BEBE,SIN MARCA,284,2027-02-01,Laboratorios Portugal,7.63
201,"PAÃ‘AL ""G"" BABYSEC Premium-unidad",BEBE,BABYSEC,394,2026-05-08,Medifar,5.09
202,"PAÃ‘AL ""M"" BABYSEC ULTRASEC - UNIDAD",BEBE,BABYSEC,146,2028-12-17,Quimica Suiza,20.77
203,"PAÃ‘AL ""XXG"" BABYSEC-UND",BEBE,BABYSEC,403,2028-10-23,Andina Salud,25.78
204,"PAÃ‘AL HUGGIES ""XG""-UNIDAD VERDE",BEBE,HUGGIES,338,2028-04-15,Farmacorp,15.19
205,PaÃ±al Huggies XXG -verde,BEBE,SIN MARCA,184,2027-07-15,Laboratorios Portugal,13.1
206,PAÃ‘AL MIMI RN - UNIDAD,BEBE,SIN MARCA,67,2028-10-23,Medifar,29.74
207,PAÃ‘AL XG BABYSEC ultrasec-UNIDAD,BEBE,BABYSEC,160,2028-03-12,Quimica Suiza,29.6
208,PAÃ‘ITOS HUMEDOS HUGGIES 120UND,BEBE,SIN MARCA,232,2026-08-04,Drogueria INTI,20.89
209,PEZONERA RECOLECTORA DE LECHE,BEBE,TUINES,90,2027-07-03,Quimica Suiza,29.06
210,POTOTITOS toallas humedas x110,BEBE,SIN MARCA,242,2026-12-05,DANY,37.34
211,SHAMPO JHONSON X100ML-FRASCO,BEBE,J&J,11,2027-05-11,Drogueria INTI,32.57
212,SUPER TETINA X1UND-SILICONA,BEBE,TUINIES,498,2027-04-17,Medifar,26.88
213,"TETINA ""S"" SIL ANAT -NINET",BEBE,NINET,379,2027-06-16,Quimica Suiza,28.14
214,TETINA ANAT. FLUJO 1 (0-4 MESES),BEBE,TUINIES,458,2026-08-24,Laboratorios Portugal,37.68
215,TETINA anat. FLUJO 2 (4-8 MESES),BEBE,TUINIES,378,2028-08-11,Medifar,19.88
216,TETINA anat. FLUJO 3 (8-12MESES),BEBE,TUINIES,144,2026-05-02,Drogueria INTI,24.06
217,TETINA ANAT. FLUJO 4 (12+MESES),BEBE,TUINIES,266,2028-02-01,DANY,27.67
218,TOALLAS HUMEDAS BABYSEC Premium X16UN,BEBE,BABYSEC,400,2027-11-04,Laboratorios Portugal,36.79
219,TOALLAS HUMEDAS BABYSEC PREMIUM X45 UN C/TAPA-MORADO,BEBE,BABYSEC,101,2028-03-24,DANY,33.93
220,TOALLAS HUMEDAS BABYSEC X50UN azul,BEBE,BABYSEC,269,2026-09-06,Farmacorp,7.5
221,TOALLAS HUMEDAS HUGGIES X16 UND,BEBE,SIN MARCA,477,2028-03-11,Laboratorios Portugal,10.81
222,ACIDINO (MAGALDRATO+SIMETICONA)-TABLETA MASTICABLE,CARAMELOS,PHARMACEUTICAL,64,2028-07-15,Farmacorp,2.23
223,BUK CARAMELO FESA/LIMON/MENTA/NARANJA X4CARAM,CARAMELOS,SIN MARCA,455,2026-07-21,Laboratorios Portugal,4.0
224,BUKCITO CARAMELO-SURTIDO,CARAMELOS,SIN MARCA,330,2026-03-21,Drogueria INTI,3.28
225,CARAMELO MENTHOLATUM,CARAMELOS,SIN MARCA,162,2028-07-13,Andina Salud,2.15
226,GINGISONA B-CARAMELOS,CARAMELOS,TEVA,440,2026-12-20,Andina Salud,1.5
227,GLORANTA JENGIBRE-CARAMELOS,CARAMELOS,SIN MARCA,337,2026-08-19,Farmacorp,3.75
228,MULTIBIOTICOS MENTOL-CARAMELOS,CARAMELOS,SIN MARCA,269,2027-07-01,Farmacorp,3.8
229,EYEMO FRASCO X8ML-GOTERO,COLIRIO,MEDIFARMA,321,2028-04-07,DANY,38.28
230,FLORIL NF X8ML-GOTERO,COLIRIO,LABOFAR,111,2027-12-26,Quimica Suiza,25.01
231,FRAMIDEX NF X2.5ML-GOTERO,COLIRIO,LABOFAR,88,2026-10-04,Laboratorios Portugal,24.81
232,HUMED 0.3% (Hipromelosa) FRASCO X15ML-GOTERO,COLIRIO,LANSIER,201,2028-03-12,Laboratorios Portugal,12.41
233,NAPHAVIT (NAFAZOLINA CLORHIDRATO 0.1%)X15ML-GOTERO,COLIRIO,LANSIER,400,2027-04-15,Laboratorios Portugal,11.2
234,ACICLOVIR 5% CREMA X5GR,CREMA,FARMAINDUSTRIA,92,2026-05-22,Laboratorios Portugal,22.28
235,BEPANTHEN CREMA X 30GR - CREMA,CREMA,BAYER,286,2027-09-21,Quimica Suiza,17.89
236,BETAMETASONA 0.05% CREMA X20GR-TUBO,CREMA,QUILAB,498,2027-10-13,DANY,15.01
237,BETAPLUS 0.05% X 20GR-CREMA,CREMA,LAB. PORTUGAL,408,2028-07-19,Farmacorp,8.65
238,CICATRICURE GEL X30GR-TUBO,CREMA,SIN MARCA,482,2026-06-12,Andina Salud,43.48
239,CICATRICURE GEL X8GR-SACHET,CREMA,SIN MARCA,281,2027-10-06,Quimica Suiza,38.44
240,CLOTRIMAZOL 1% (CREMA) TUBO X 20G,CREMA,SIN MARCA,480,2028-12-26,Drogueria INTI,28.01
241,CONCHA DE NACAR-SACHET,CREMA,LAB. PORTUGAL,10,2027-10-19,Quimica Suiza,43.03
242,DICLOFAST FORTE 2% (Diclofenaco dietilamina) GELX50GR-TUBO,CREMA,TOBAL,316,2026-11-05,DANY,44.98
243,DICLOFENACO GEL 1% X50gr-TUBO,CREMA,GENFAR,175,2027-02-08,Quimica Suiza,31.89
244,ESCALDEX TUBO X20GR-CREMA,CREMA,HERSIL,260,2027-02-06,Quimica Suiza,15.78
245,FURACIN POMADA (nitrofural) 0.2% X35GR-TUBO,CREMA,MEDIFARMA,19,2027-12-05,DANY,6.61
246,HIRUDOID FORTE 0.445% X14GR-CREMA,CREMA,LABOT,67,2028-07-14,Medifar,35.25
247,MANTEQUILLA DE CACAO LIPSALIV BARRA X3GR-UNIDADES,CREMA,LAB. PORTUGAL,485,2028-03-19,Drogueria INTI,23.82
248,METACAIN 2% X10GR (Lidocaina Clorhidrato)-JALEA,CREMA,GALENTIC,195,2027-07-06,Farmacorp,31.06
249,MUCOVIT CREMA X30GR- TUBO,CREMA,SIN MARCA,459,2027-11-18,Andina Salud,41.64
250,MULTIDERM X10GR-CREMA,CREMA,FARMAINDUSTRIA,435,2028-11-06,Andina Salud,12.26
251,MUPIROCINA 2% X15GR,CREMA,IQFARMA,423,2028-03-16,Farmacorp,28.41
252,POMADA SECANTE X15GR-LATA,CREMA,SIN MARCA,167,2027-03-06,Medifar,30.39
253,PONDS CLARANT B3 GRASA -SACHET,CREMA,PONDS,132,2027-08-20,DANY,24.67
254,PONDS CR CLARANT B3 SECA X50GR-UNIDAD,CREMA,PONDS,39,2026-06-01,Andina Salud,8.65
255,PONDS HUMECTANTE-SACHET AZUL,CREMA,PONDS,133,2027-03-07,Quimica Suiza,18.92
256,PORTIL 20GR-CREMA,CREMA,LAB. PORTUGAL,459,2027-09-17,Andina Salud,18.33
257,QUADRIDERM EXTRA SP X10GR-CREMA,CREMA,SIN MARCA,300,2028-08-14,Drogueria INTI,31.81
258,ROXTIL-B X20GR-CREMA,CREMA,ROXAFARMA,494,2028-08-14,Drogueria INTI,39.31
259,SULFADIAZINA DE PLATA X30GR-CREMA,CREMA,IQFARMA,50,2028-08-16,Farmacorp,18.19
260,SULFAMED L (sulfadiazina) X15GR-UNGUENTO,CREMA,MEDIFARMA,53,2026-02-19,Medifar,32.75
261,SULFANIL 1 % Crema,CREMA,LAB. PORTUGAL,384,2026-04-10,Laboratorios Portugal,16.53
262,TERBINAFINA 1% CREMA X20GR-TUBO,CREMA,LAB. PORTUGAL,258,2026-05-08,Laboratorios Portugal,42.81
263,TETRALAN 1% (TETRACICLINA) UNGUENTO,CREMA,SIN MARCA,427,2028-05-06,Medifar,37.54
264,TOPIMICYN NF X14GR-UNGUENTO,CREMA,ROXFARMA,45,2027-10-24,Andina Salud,27.0
265,VICK - BABYBALM LATA,CREMA,TEVA,399,2027-09-17,Medifar,23.19
266,VICK VAPORUB 100GR-POTE,CREMA,SIN MARCA,282,2026-10-04,DANY,17.58
267,VICK VAPORUB 12GR -LATA,CREMA,TEVA,402,2027-09-27,Medifar,17.93
268,AGUJA HIPODERMICA #18 X1 1/2,ENFERMERIA,SIN MARCA,74,2027-09-27,DANY,29.17
269,AGUJA HIPODERMICA #20 X1,ENFERMERIA,SIN MARCA,75,2026-12-15,Andina Salud,13.32
270,AGUJA HIPODERMICA #21 X 1Âº,ENFERMERIA,SIN MARCA,347,2028-04-14,Drogueria INTI,16.41
271,AGUJA HIPODERMICA #22 1 1/2,ENFERMERIA,SIN MARCA,253,2026-12-27,Quimica Suiza,29.67
272,AGUJA HIPODERMICA #23 X 1 1/2,ENFERMERIA,SIN MARCA,494,2028-04-10,Farmacorp,20.41
273,"AGUJA HIPODERMICA #23G 1""",ENFERMERIA,SIN MARCA,291,2026-08-09,Laboratorios Portugal,17.19
274,AGUJA HIPODERMICA #30 X1/2,ENFERMERIA,SIN MARCA,94,2027-02-15,Drogueria INTI,13.57
275,ALGODON ENRROLLO 500GR,ENFERMERIA,COPPON,145,2026-04-07,Medifar,7.25
276,ALGODON HIDROFILO 25GR,ENFERMERIA,COPPON,280,2028-10-23,Medifar,12.13
277,ALGODON HIDROFILO 50GR,ENFERMERIA,COPPON,456,2027-12-20,Laboratorios Portugal,23.18
278,ALGODON HIDROFILO X10GR-CFK,ENFERMERIA,SIN MARCA,320,2028-07-06,Andina Salud,19.51
279,ALGODON HIDROFILO-100GR,ENFERMERIA,COPPON,226,2028-03-26,Farmacorp,23.28
280,ALGODON ROLLO 1KG,ENFERMERIA,SIN MARCA,118,2026-04-26,Quimica Suiza,7.7
281,BABY TEST CASSETTE-EMBARAZO,ENFERMERIA,SIN MARCA,485,2026-10-12,DANY,17.38
282,BABY TEST TIRA EMBARAZO,ENFERMERIA,SIN MARCA,286,2028-05-20,DANY,27.97
283,BAJA LENGUA,ENFERMERIA,SIN MARCA,396,2028-03-11,Andina Salud,14.27
284,BARBIJO DESECHABLES X UND,ENFERMERIA,SIN MARCA,383,2028-05-10,Laboratorios Portugal,21.55
285,BARBIJO X CAJA,ENFERMERIA,SIN MARCA,363,2028-05-28,Andina Salud,5.4
286,BENCINA RECTIFICADA 1000ML,ENFERMERIA,ALKHOFAR,112,2028-11-27,Quimica Suiza,29.25
287,BOLSA DE COLOSTOMIA/SEGURO,ENFERMERIA,BRAUN,375,2026-03-25,DANY,19.05
288,BOLSA DE ORINA PEDIATRICOX100ML,ENFERMERIA,X-MEDIC,169,2027-01-09,Quimica Suiza,8.7
289,BOLSA DE SANGRE SIMPLE 450ML-UNIDAD,ENFERMERIA,SIN MARCA,214,2028-03-23,Medifar,6.43
290,BOLSAS PARA AGUA CALIENTE,ENFERMERIA,SIN MARCA,353,2026-04-05,Andina Salud,17.42
291,BOTAS DESCARTABLES - PAR,ENFERMERIA,SIN MARCA,342,2028-06-27,DANY,17.46
292,CABESTRILLO (talla L),ENFERMERIA,SIN MARCA,201,2026-11-13,Drogueria INTI,4.61
293,CABESTRILLO (talla M),ENFERMERIA,SIN MARCA,234,2027-03-19,DANY,29.78
294,CABESTRILLO (talla s),ENFERMERIA,SIN MARCA,470,2028-05-21,Drogueria INTI,27.56
295,Cabestrillo Doble Anclaje para NiÃ±o / NiÃ±a,ENFERMERIA,SIN MARCA,274,2027-07-15,Andina Salud,14.92
296,CANULA BINASAL ADULTO,ENFERMERIA,SIN MARCA,241,2026-11-26,Quimica Suiza,5.29
297,CANULA BINASAL PEDIATRICO- UNIDAD,ENFERMERIA,SIN MARCA,71,2026-07-17,Farmacorp,25.3
298,CATETER C/ALAS #18,ENFERMERIA,NIPRO,136,2028-05-23,Quimica Suiza,15.95
299,CATETER C/ALAS #20-UNIDAD,ENFERMERIA,NIPRO,125,2027-08-16,Quimica Suiza,22.06
300,CATETER C/ALAS #22,ENFERMERIA,NIPRO,42,2027-10-01,Farmacorp,16.25
301,CATETER C/ALAS #24,ENFERMERIA,SIN MARCA,183,2028-02-24,Laboratorios Portugal,9.66
302,CINTA MICROPORE COLOR PIEL12mm X 3mm -NEXCARE,ENFERMERIA,NEXCARE,20,2027-11-22,Quimica Suiza,25.37
303,Citocepillo con EspÃ¡tula,ENFERMERIA,SIN MARCA,311,2028-06-28,Farmacorp,29.45
304,COTIDIAN MULTIUSO (PractipaÃ±al)x10un-PAQUETE,ENFERMERIA,SIN MARCA,293,2026-09-13,Andina Salud,8.82
305,COTIDIAN PAÃ‘AL ADULTO-UNIDAD,ENFERMERIA,SIN MARCA,127,2026-07-27,Farmacorp,17.44
306,CURITAS,ENFERMERIA,CUREBAND,311,2026-08-09,DANY,12.74
307,"DURAPORE 2"" X 10 YDAS- UNIDAD 1"" 3"" 4""",ENFERMERIA,SIN MARCA,122,2027-05-11,Drogueria INTI,27.81
308,EQUIPO DE TRANSFUSION,ENFERMERIA,SIN MARCA,13,2028-10-05,Farmacorp,16.23
309,EQUIPO DE VENOCLISIS-UNIDAD,ENFERMERIA,SIN MARCA,46,2028-08-26,Quimica Suiza,26.62
310,EQUIPO VOLUTROL -MICROGOTERO100ML,ENFERMERIA,SIN MARCA,372,2027-11-25,Laboratorios Portugal,26.19
311,ESPARADRAPO 2.5CMX1YARDAS,ENFERMERIA,MEDICAL,333,2026-01-04,Andina Salud,9.73
312,"ESPECULO VAGINAL DESCARTABLE TALLA ""L""",ENFERMERIA,SIN MARCA,40,2028-08-01,Farmacorp,24.12
313,"ESPECULO VAGINAL TALLA ""M""-UNIDAD",ENFERMERIA,SIN MARCA,127,2026-03-15,Quimica Suiza,13.62
314,ESPIROMETRO INCENTIVO DESCARTABLE TRES BOLAS UNIDAD,ENFERMERIA,SIN MARCA,44,2027-01-14,Laboratorios Portugal,28.16
315,ESTUCHE DE DISECCION 9 PIEZAS,ENFERMERIA,QUIMEDIC,473,2026-12-05,Farmacorp,16.22
316,"FAJAS POST TALLA ""L""",ENFERMERIA,SIN MARCA,26,2028-05-06,Andina Salud,24.98
317,"FAJAS POST TALLA ""M""",ENFERMERIA,SIN MARCA,450,2027-02-21,Andina Salud,9.92
318,FILTRO BACTERIAL/VIRAL/-UNIDAD-SOP,ENFERMERIA,SIN MARCA,179,2027-05-03,Drogueria INTI,10.36
319,FRASCO MUESTRA HECES,ENFERMERIA,SIN MARCA,46,2027-11-21,Andina Salud,18.43
320,FRASCO MUESTRA ORINA-MEDICAL,ENFERMERIA,SIN MARCA,273,2026-01-13,Laboratorios Portugal,29.97
321,GASA ABSORBENTE 10MTS X10CM-MEDICAL,ENFERMERIA,MEDICAL,131,2028-05-24,Quimica Suiza,15.71
322,GASA ESTERIL 10X10CM,ENFERMERIA,MEDICAL,152,2028-04-14,Andina Salud,6.16
323,GASA ESTERIL 5X5CM,ENFERMERIA,MEDICAL,352,2028-02-23,Andina Salud,17.08
324,GASA ESTERIL 7.5 X 7.5CM-MEDICAL,ENFERMERIA,SIN MARCA,258,2026-01-07,Quimica Suiza,11.66
325,GASA HOSPITALARIA ABSORBENTE 100 YDS X 1YDS,ENFERMERIA,MEDICAL,119,2027-02-05,Quimica Suiza,17.45
326,GLUCONATO DE CLORHEXIDINA ESPUMA 2% DISPENSADOR,ENFERMERIA,ROKER,286,2028-04-17,Laboratorios Portugal,17.22
327,GLUCONATO DE CLORHEXIDINA ESPUMA 2% SOLUCION TOPICA 1000ML,ENFERMERIA,ROKER,77,2028-08-01,Andina Salud,14.75
328,GLUCONATO DE CLORHEXIDINA ESPUMA 4% SOLUCION TOPICA 1000ML DISPENSADOR,ENFERMERIA,ROKER,380,2026-12-11,Laboratorios Portugal,11.01
329,GORRITO ENFERMERIA AZUL X UND,ENFERMERIA,SIN MARCA,488,2026-07-23,Andina Salud,7.28
330,GORRITO QUIRURGICO AZUL XCAJA,ENFERMERIA,SIN MARCA,461,2026-08-03,Farmacorp,21.53
331,GUANTES DE PROCEDIMIENTO NITRILO X 100 UN-CAJA,ENFERMERIA,SIN MARCA,302,2026-07-03,DANY,18.01
332,GUANTES DE PROCEDIMIENTO X UNIDAD,ENFERMERIA,MEDICAL,305,2028-02-04,Andina Salud,8.54
333,HEMOCOLAGENO 10X10CM,ENFERMERIA,SIN MARCA,252,2027-06-10,Drogueria INTI,23.72
334,HOJA DE BISTURI NÂº 11,ENFERMERIA,SIN MARCA,134,2026-07-25,DANY,3.22
335,HOJA DE BISTURI NÂº 15,ENFERMERIA,SIN MARCA,411,2026-11-22,DANY,22.85
336,HOJA DE BISTURI NÂº21,ENFERMERIA,SIN MARCA,252,2026-02-17,Drogueria INTI,21.75
337,INMOVILIZADOR DE JUANETE,ENFERMERIA,BRANSON,423,2028-01-20,Drogueria INTI,24.72
338,JELONET 10X10CM,ENFERMERIA,LABOT,218,2028-03-15,Drogueria INTI,12.81
339,LLAVE DE TRIPLE VIA C/E 50CM-UNIDAD,ENFERMERIA,INTRAVEN,107,2027-12-07,Laboratorios Portugal,20.58
340,LLAVE DE TRIPLE VIA C/EXTENCION-UNIDAD,ENFERMERIA,SIN MARCA,58,2028-12-05,DANY,24.98
341,LLAVE DE TRIPLE VIA SIN EXTENCION,ENFERMERIA,SIN MARCA,59,2027-10-22,Andina Salud,29.46
342,mandiles quirurgicos,ENFERMERIA,SIN MARCA,347,2027-04-03,Farmacorp,15.87
343,MASCARA DE OXIGENO CON RESERVORIO-ADULTO,ENFERMERIA,SIN MARCA,230,2026-03-25,Laboratorios Portugal,3.04
344,MASCARA NEBULIZADORA ADULTO - UNIDAD,ENFERMERIA,SIN MARCA,191,2026-10-24,Quimica Suiza,16.06
345,"MICROPORE BLANCO 2"" X 1-UNIDAD",ENFERMERIA,3M,226,2027-06-14,DANY,18.53
346,"MICROPORE COLOR PIEL 1"" X1 (esparadrapo)",ENFERMERIA,3M,220,2027-03-08,Andina Salud,26.35
347,PAÃ‘AL ORTPEDICO TALLA S,ENFERMERIA,SIN MARCA,249,2027-11-03,Medifar,26.48
348,PLENITUD PAÃ‘AL ADULTO 1 UN,ENFERMERIA,SIN MARCA,452,2026-09-20,Andina Salud,14.33
349,PLENITUD PRACTIPAÃ‘AL ADULTOS 10UN-PAQUETE,ENFERMERIA,SIN MARCA,383,2028-12-20,Laboratorios Portugal,16.73
350,PLENITUD PRACTIPAÃ‘AL-UND,ENFERMERIA,SIN MARCA,37,2027-12-01,Drogueria INTI,14.79
351,POVIDONA YODADA 10% SOLUCION TOPICA 1000 ML,ENFERMERIA,ROKER,354,2028-05-07,Medifar,22.23
352,POVIDONA YODADA 8.5% ESPUMA SOLUCION TOPICA 1000 ML,ENFERMERIA,ROKER,344,2028-10-17,Laboratorios Portugal,13.48
353,PRACTIPAÃ‘AL (comodyti) und,ENFERMERIA,SIN MARCA,340,2026-12-13,Andina Salud,20.33
354,Precisa (Test De Embarazo) lapicero,ENFERMERIA,SIN MARCA,60,2027-11-02,Farmacorp,6.32
355,PROTECTOR DE CAMA/ SABANILLA-UNIDAD,ENFERMERIA,SIN MARCA,41,2026-08-13,Laboratorios Portugal,15.15
356,RASURADOR -AFEITADOR XTREME 3HOJAS-SCHICK,ENFERMERIA,SIN MARCA,216,2026-04-16,Farmacorp,29.14
357,RODILLERA VELCRO-NEGRO,ENFERMERIA,BRANSON,382,2028-10-03,Medifar,11.48
358,STERI STRIP 12mm x 100mm-UNIDAD,ENFERMERIA,3M,183,2028-01-12,Quimica Suiza,21.4
359,TEGADERM FILM,ENFERMERIA,SIN MARCA,419,2027-03-13,DANY,20.2
360,TEST DE EMBARAZO LAPICERO-CONTROLGYM,ENFERMERIA,SIN MARCA,451,2028-07-12,DANY,25.85
361,TOBILLERA VELCRO-NEGRO,ENFERMERIA,BRANSON,65,2028-11-06,Laboratorios Portugal,25.87
362,TU-TEST LAPICERO,ENFERMERIA,SIN MARCA,137,2027-02-01,Medifar,26.06
363,VENDA DE YESO 4X5,ENFERMERIA,SIN MARCA,108,2028-02-01,Farmacorp,12.64
364,VENDA DE YESO 6IN X 5YD-TAGUM,ENFERMERIA,SIN MARCA,107,2027-04-02,Medifar,10.87
365,"VENDA ELASTICA 10"" - UNIDAD",ENFERMERIA,MEDICAL,284,2026-07-17,Drogueria INTI,22.12
366,"VENDA ELASTICA 2"" X5",ENFERMERIA,MEDICAL,239,2027-11-23,Laboratorios Portugal,23.26
367,"VENDA ELASTICA 3"" -UNIDAD",ENFERMERIA,MEDICAL,81,2028-07-14,Drogueria INTI,26.43
368,"VENDA ELASTICA 4""",ENFERMERIA,SIN MARCA,226,2028-07-03,Quimica Suiza,3.01
369,"VENDA ELASTICA 6""",ENFERMERIA,MEDICAL,103,2028-09-18,Medifar,3.92
370,"VENDA ELASTICA 8""",ENFERMERIA,MEDICAL,152,2028-03-09,Medifar,19.67
371,VENDA NEXCARE,ENFERMERIA,SIN MARCA,246,2026-05-03,Medifar,27.79
372,ACEITE BABY JHONSON X100ML-FRASCO,FRASCO,J&J,137,2028-04-26,Medifar,89.78
373,ACEITE BABY JHONSON X50ML-FRASCO,FRASCO,J&J,457,2026-09-11,Quimica Suiza,68.73
374,ACEITE DE ALMENDRAS X30ML-FRASCO VIDRIO,FRASCO,LAB. PORTUGAL,482,2027-10-21,Farmacorp,42.45
375,AGUA DESTILADA 1000 ML,FRASCO,BRAUN,48,2028-11-21,Andina Salud,14.27
376,AGUA DESTILADA NO ESTERIL 1L (FRASCO BOTELLA),FRASCO,SIN MARCA,236,2026-05-23,Quimica Suiza,59.23
377,AGUA FLORIDA X22ML-FRASCO,FRASCO,APROOF,423,2027-12-28,Farmacorp,79.3
378,AGUA FLORIDA X70ML-FRASCO,FRASCO,APROOF,451,2026-01-08,DANY,43.27
379,AGUA OXIGENADA 1000 ML,FRASCO,ALKHOFAR,448,2026-07-04,Laboratorios Portugal,64.3
380,AGUA OXIGENADA 10VOL X60ML,FRASCO,LAB. PORTUGAL,291,2027-10-20,Farmacorp,81.89
381,ALCOHOL 70Âº X120ML-FRASCO,FRASCO,LAB. PORTUGAL,60,2026-05-22,Laboratorios Portugal,9.86
382,ALCOHOL ETILICO 70Âº 1000ML,FRASCO,SIN MARCA,35,2028-11-24,DANY,72.88
383,ALCOHOL ETILICO 96Âª X 1000ML,FRASCO,ALKHOFAR,343,2026-02-01,Farmacorp,30.64
384,ALCOHOL GEL 70Âº-1000ML,FRASCO,ROKER,286,2028-03-23,Medifar,37.49
385,ALCOHOL GELL X55GR-PURO CLEAN,FRASCO,SIN MARCA,438,2026-03-16,Quimica Suiza,18.23
386,ALCOHOL YODADO X30ML-GOTERO,FRASCO,LAB. PORTUGAL,17,2027-09-17,DANY,50.62
387,BALSAMO DE BUDA X60ML,FRASCO,LAB. PORTUGAL,57,2028-05-06,Farmacorp,53.54
388,BROMURO DE IPRATROPIO 20MG/DOSIS INHALADOR-UNIDAD,FRASCO,LABOT,484,2027-03-24,Andina Salud,72.57
389,CIPROFLOXACINO 200MG/100ML (CIPROF-200),FRASCO,PHARMACEUTICAL,395,2027-12-04,Andina Salud,20.28
390,CLORURO DE SODIO 0.9% 100ML,FRASCO,MEDIFARMA,444,2026-06-26,Drogueria INTI,12.63
391,CLORURO DE SODIO 9% 1000ML (suero fisiologico)-FRASCO,FRASCO,MEDIFARMA,131,2027-05-17,Farmacorp,79.15
392,DEXTROSA 10% 1000ML-FRASCO,FRASCO,BRAUN,95,2026-05-23,Quimica Suiza,58.06
393,DEXTROSA 5% 1000ML,FRASCO,MEDIFARMA,218,2028-11-03,Medifar,26.23
394,ELECTRORAL NF ADULTO FRESA X 1000ML,FRASCO,MEDIFARMA,258,2027-08-17,Drogueria INTI,82.68
395,ELECTRORAL NF X500ML-FRASCO,FRASCO,MEDIFARMA,256,2027-01-16,Farmacorp,18.02
396,ELECTRORAL PEDIATRICO FRESA X 1000ML,FRASCO,MEDIFARMA,119,2028-03-12,Medifar,44.74
397,ENDOVIT 5% X 1000ML-FRASCO,FRASCO,MEDIFARMA,452,2026-05-25,Quimica Suiza,27.33
398,ENSURE-ALIMENTO EN POLVO CON PROTEINAS  VITAMINAS Y MINERALES X850GR-LATA,FRASCO,SIN MARCA,215,2026-10-22,Quimica Suiza,27.45
399,EVACUOL ENEMA X130ML-FRASCO,FRASCO,MEDIFARMA,472,2028-02-08,Drogueria INTI,6.79
400,EVACUOL ENEMA X266ML FRASCO,FRASCO,MEDIFARMA,40,2028-09-01,Drogueria INTI,73.59
401,EVACUOL PEDIATRIO 65ML FRASCO,FRASCO,MEDIFARMA,94,2026-01-08,Farmacorp,81.7
402,FORMOL 40% X120ML-FRASCO,FRASCO,SIN MARCA,204,2026-08-12,Medifar,62.92
403,ISODINE 10% YODO PAVIDONA GOTAS 20ML,FRASCO,MEDIFARMA,11,2027-03-06,DANY,19.27
404,LAXOVEN 240ML ENEMA SOL. RECTAL-FRASCO,FRASCO,MARKOS,209,2026-09-26,Andina Salud,43.11
405,LIMONADA PURGANTE X200ML,FRASCO,MARKOS,145,2028-12-21,Medifar,35.03
406,MANITOL 20% 500ML- FRASCO,FRASCO,SIN MARCA,484,2027-04-11,Quimica Suiza,55.36
407,METRONIDAZOL 500MG/100ML (METROXIN),FRASCO,SIN MARCA,411,2026-07-24,DANY,59.67
408,RIFOCINA 1% (Rifamicina) x30ml-SPRAY,FRASCO,AC PHARMA,411,2027-05-27,Quimica Suiza,41.64
409,SALBUTAMOL AEROSOL INHALADOR 100MCG- UNIDAD,FRASCO,SIN MARCA,242,2026-10-12,DANY,27.01
410,SMOFKABIVEN PERIFERICO 1448ML IV/PERFUSION-NUTRICION PARENTERAL-BOLSA,FRASCO,FRESENIUS,156,2026-09-22,Farmacorp,77.01
411,SOLUCION POLIELECTROLITICA 1000 ML,FRASCO,MEDIFARMA,226,2026-03-08,Andina Salud,22.73
412,SORBAMIN 30NF 1000ML-FRASCO,FRASCO,MEDIFARMA,366,2028-01-13,Laboratorios Portugal,38.31
413,TALCO BABY J&J X100GR-FRASCO,FRASCO,J&J,500,2026-08-28,Farmacorp,46.59
414,TINTURA DE ARNICA X30ML-FRASCO GOTERO,FRASCO,LAB. PORTUGAL,384,2027-05-11,Quimica Suiza,25.93
415,Violeta Genciana 1% Frasco - 30 ML,FRASCO,SIN MARCA,411,2026-09-15,DANY,54.04
416,VIOLETA GENCIANA X30ML-FRASCO VIDRIO,FRASCO,LAB. PORTUGAL,294,2026-06-07,Quimica Suiza,54.28
417,DICLOFENACO GEL 1% X20gr-TUBO,GEL,LAB. PORTUGAL,348,2027-10-26,Medifar,29.82
418,DOLFENEX 1% GEL (diclofenaco),GEL,IQFARMA,377,2027-12-20,Andina Salud,12.38
419,Dolocort Plus 2% GEL (diclofenaco) 50gr,GEL,ROXFARMA,259,2026-08-12,Medifar,29.45
420,LIDONOSTRUM GEL 2% (LIDOCAINA),GEL,DANY,89,2028-08-25,Medifar,21.46
421,ACTERIL 5MG/ML(salbutamol)-GOTA PARA NBZ X10ML,GOTA,INDUFAR,107,2026-12-18,Farmacorp,12.51
422,AEROX FRESA 80MG/ML (simeticona) X15ML-GOTAS,GOTA,ROXFARMA,161,2026-03-01,Medifar,21.54
423,GASEOVET GOTAS ANIS 15ML,GOTA,MEDIFARMA,121,2027-01-08,Drogueria INTI,25.26
424,GASEOVET GOTAS FRESA 15ML,GOTA,MEDIFARMA,39,2028-06-21,Drogueria INTI,27.08
425,Haloperidol 2 mg/mL SoluciÃ³n Oral,GOTA,IQFARMA,306,2028-01-11,Medifar,5.52
426,OTIDOL NF X 5ML-SOLUCION OTICA,GOTA,LANSIER,386,2026-11-13,Andina Salud,22.8
427,PANADOL GOTAS 100MG/5ML X15ML,GOTA,PANADOL,287,2028-12-10,Medifar,19.4
428,PARACETAMOL 100MG/ML-GOTAS,GOTA,LAB. PORTUGAL,41,2026-04-17,Quimica Suiza,32.03
429,REPRIMAN 400MG/ML GOTAS X10ML,GOTA,QUILAB,392,2026-07-16,Quimica Suiza,12.87
430,RHINO-CLO GOTAS NASAL X15ML -FRASCO,GOTA,EUROPHARMA,170,2026-03-23,Andina Salud,28.76
431,SIMETICONA 80MG/ML X 15ML-GOTA,GOTA,LAB. PORTUGAL,39,2027-02-02,Farmacorp,22.82
432,"GUANTES DE PROCEDIMIENTO TALLA ""M"" CAJA X 100",GUANTES,FAMILY DOCTOR,35,2026-09-14,Drogueria INTI,24.09
433,GUANTES QUIRURGICOS ESTERILES 6 .5,GUANTES,FAMILY DOCTOR,309,2028-06-15,Drogueria INTI,35.46
434,GUANTES QUIRURGICOS ESTERILES 7.0,GUANTES,FAMILY DOCTOR,254,2028-02-19,Farmacorp,34.84
435,GUANTES QUIRURGICOS ESTERILES 7.5,GUANTES,FAMILY DOCTOR,267,2026-09-05,Medifar,37.11
436,GUANTES QUIRURGICOS ESTERILES 8.0,GUANTES,FAMILY DOCTOR,480,2028-07-03,Andina Salud,38.84
437,CIELO MANZANA 600ML-UNIDAD,INSUMOS,SIN MARCA,446,2028-10-02,DANY,34.66
438,360 ENERGIZANTE X300ML,INSUMOS B&G,ISM,281,2027-11-05,Laboratorios Portugal,10.38
439,360 ENERGIZANTE X450ML,INSUMOS B&G,ISM,90,2026-05-09,Laboratorios Portugal,8.28
440,AGUA CIELO ALCALINA X650ML,INSUMOS B&G,CIELO,39,2027-07-23,Medifar,11.03
441,AGUA CIELO CHUPON X 1000ML,INSUMOS B&G,CIELO,270,2028-06-11,Farmacorp,8.46
442,AGUA CIELO GRANDE X2.5LT,INSUMOS B&G,CIELO,51,2027-05-08,Andina Salud,5.09
443,AGUA CIELO KIDS X200ML,INSUMOS B&G,CIELO,445,2026-04-05,Drogueria INTI,6.41
444,AGUA CIELO LIMON 350 ml,INSUMOS B&G,SIN MARCA,105,2028-02-05,DANY,7.8
445,AGUA CIELO X625 ML,INSUMOS B&G,CIELO,45,2026-03-15,Drogueria INTI,9.32
446,AGUA LOA 1000ML-CHUPON ROJO,INSUMOS B&G,LOA,314,2027-06-14,Medifar,2.9
447,AGUA LOA 750 ML,INSUMOS B&G,LOA,44,2026-09-12,Quimica Suiza,4.95
448,AGUA LOA SABORIZADA C/GAS 625 ml,INSUMOS B&G,LOA,355,2026-08-10,Farmacorp,9.47
449,AGUA LOA X625ML,INSUMOS B&G,LOA,451,2027-05-28,Laboratorios Portugal,3.76
450,AGUA SAN LUIS 500ML,INSUMOS B&G,SAN LUIS,130,2026-02-06,Farmacorp,3.32
451,AGUA SAN LUIS CHUPON,INSUMOS B&G,SAN LUIS,216,2028-05-27,DANY,7.39
452,AGUA VIDA 2.5 L,INSUMOS B&G,VIDA,71,2028-12-20,Medifar,11.71
453,AGUA VIDA CHUPON-1000ML,INSUMOS B&G,SIN MARCA,492,2026-04-27,Farmacorp,7.31
454,AGUA VIDA X625ML,INSUMOS B&G,ISM,465,2027-03-03,Drogueria INTI,11.13
455,AMAYU ALOE UVA 500ML,INSUMOS B&G,SIN MARCA,301,2028-04-12,Medifar,10.3
456,BIO ALOE X500ML,INSUMOS B&G,ISM,136,2027-09-02,Drogueria INTI,4.57
457,DILYTE FRESA KIWI 650 ml,INSUMOS B&G,SIN MARCA,306,2028-05-09,Andina Salud,10.25
458,DRINK TEA LIMON/MANZANA X475ML,INSUMOS B&G,ISM,314,2026-01-13,Andina Salud,6.82
459,ELECTROLIGHT FRESA/MORA/PIÃ‘A X475ML,INSUMOS B&G,MEDIFARMA,30,2027-09-24,Quimica Suiza,10.06
460,ESPEJO PEQUEÃ‘O SURTIDO - UNIDAD,INSUMOS B&G,SIN MARCA,327,2028-04-04,Farmacorp,9.47
461,FREE TEA LIMON VIDRIO X450ML,INSUMOS B&G,ISM,51,2027-02-26,Andina Salud,5.39
462,FRUVI MANGO X300ML-VIDRIO,INSUMOS B&G,ISM,224,2026-02-01,Farmacorp,3.15
463,GASEOSA KOLA REAL(fresa/piÃ±a/naran) x350ml,INSUMOS B&G,ISM,346,2026-04-05,Drogueria INTI,11.63
464,GASEOSA ORO 400ML-UNIDAD,INSUMOS B&G,SIN MARCA,308,2026-07-12,Medifar,3.41
465,GENERADE TROPICAL/UVA X500ML,INSUMOS B&G,ISM,299,2028-11-21,Andina Salud,11.67
466,JUGO FRUVI 300ML,INSUMOS B&G,SIN MARCA,277,2026-10-19,Medifar,10.6
467,KERO ALOE UVA/PIÃ‘A X300ML,INSUMOS B&G,ISM,171,2027-02-01,DANY,9.24
468,KRISS -SURTIDO X400ML,INSUMOS B&G,ISM,488,2026-04-21,Andina Salud,11.8
469,LOA LIMA LIMON AGUA SABORIZADA C/GAS X 625ML-UNIDAD,INSUMOS B&G,ISM,143,2027-03-03,Farmacorp,11.67
470,PULP DURAZNO (CAJITA) 250ML,INSUMOS B&G,SIN MARCA,114,2027-02-02,DANY,10.05
471,PULP DURAZNO 1000 ML,INSUMOS B&G,SIN MARCA,352,2027-01-06,Andina Salud,5.66
472,PULP FORTI HIERRO -145 ML TRIANGULO,INSUMOS B&G,SIN MARCA,376,2028-07-27,Laboratorios Portugal,9.91
473,SLINE LIMON/PIÃ‘A X 500ML,INSUMOS B&G,ISM,170,2028-07-16,Andina Salud,2.14
474,SOCOSANI CON GAS X500ML,INSUMOS B&G,ISM,132,2026-07-22,Drogueria INTI,7.37
475,SOCOSANI SIN GAS X500ML,INSUMOS B&G,ISM,145,2027-03-12,Quimica Suiza,6.55
476,SORBETE SURTIDO - UNIDAD,INSUMOS B&G,SIN MARCA,212,2026-03-09,Drogueria INTI,8.73
477,SPORADE BEBIDA 1L,INSUMOS B&G,SIN MARCA,77,2027-08-05,Medifar,8.72
478,SPORADE SURTIDO X600ML-BEBIDA,INSUMOS B&G,ISM,353,2026-10-20,Farmacorp,7.85
479,SPORADE TROPICAL SIN AZUCAR 500 ml,INSUMOS B&G,SIN MARCA,340,2028-04-21,DANY,10.22
480,VASOS DESCARTABLES-UND,INSUMOS B&G,SIN MARCA,163,2027-08-14,Farmacorp,11.4
481,VOLT AZUL X300ML,INSUMOS B&G,ISM,244,2028-08-02,Andina Salud,3.08
482,3 GEL (HIDROXIDO DE AL+HIDROXIDO MG +OXETACAINA) X10ML-SACHET,JARABE,LAB. PORTUGAL,171,2026-05-13,Farmacorp,20.16
483,ACI-TIP (magaldrato/simeticona)-JARABE,JARABE,ROEMMERS,485,2026-07-07,DANY,9.3
484,ALBENDAZOL 100MG/5ML-SUSPENSION,JARABE,FARMAINDUSTRIA,394,2028-09-08,Quimica Suiza,53.98
485,AMBROXOL 30MG/5ML X120ML-JARABE,JARABE,LAB. PORTUGAL,489,2028-09-26,Quimica Suiza,37.19
486,AMOXICILINA 250MG/5ML X60ML-POLVO SUSP,JARABE,IQFARMA,47,2026-07-26,Andina Salud,55.59
487,BACTEROL BALSAMICO -JARABE,JARABE,FARMAINDUSTRIA,14,2028-06-16,Andina Salud,19.51
488,BANES 100MG/5ML (IBUPROFENO) X 100ML JARABE,JARABE,INDUFAR,244,2028-08-12,Medifar,11.29
489,BANES FORTE (ibuprofeno)200MG X60ML-SUSPENSION,JARABE,INDUFAR,328,2028-09-11,Andina Salud,50.84
490,BIOBRONCOL 250MG/15/5ML-SUSPENSION,JARABE,IQFARMA,298,2027-05-06,Drogueria INTI,55.29
491,BISMOSAN 87.33mg/5ml (bismuto subsalicilato)X150ML-JARABE,JARABE,DANY,61,2026-06-20,Drogueria INTI,23.71
492,BISMUCAR 340ML -SUSPENSION ORAL,JARABE,SIN MARCA,47,2026-01-26,Drogueria INTI,29.23
493,BISMUTOL SUSP X 150ML-JARABE,JARABE,TEVA,285,2027-01-26,Quimica Suiza,15.27
494,BISMUTOL SUSP X 340ML-JARABE,JARABE,TEVA,119,2027-09-12,Laboratorios Portugal,57.21
495,CEFALEXINA 250MG/5ML X60ML-JARABE,JARABE,AC PHARMA,269,2028-04-06,Farmacorp,23.83
496,CLARITROMICINA 250MG/5ML X50ML-JARABE,JARABE,LAB. PORTUGAL,145,2026-04-22,DANY,33.62
497,CLAVUTRIM (Amoxicilina)250MG/5ML X60ML-JARABE,JARABE,LAB. PORTUGAL,77,2026-05-18,Medifar,13.05
498,CLAVUTRIM CL 250mg/62.5mg/5ml (Amoxicilina/ac. clav) X60ML-JARABE,JARABE,LAB. PORTUGAL,487,2028-01-25,Andina Salud,54.14
499,CLORFENAMINA 2MG/5ML X60ML-JARABE,JARABE,LAB. PORTUGAL,188,2026-10-28,Medifar,15.05
500,COMPLEJO B X120ML-JARABE,JARABE,PORTUGAL,461,2027-06-27,Quimica Suiza,31.59
501,DEXABRON JARABE 120ML,JARABE,MARKOS,45,2026-03-08,Andina Salud,42.87
502,DEXAFLAM 0.5mg/5mL Solucion - Suspension,JARABE,ROXAFARMA,460,2028-06-26,Andina Salud,46.64
503,DEXTROMETORFANO 15MG/5ML X120ML,JARABE,QUILAB,135,2028-12-12,Quimica Suiza,57.19
504,ELITON FORTE X340ML-JARABE,JARABE,ELIFARMA,199,2028-01-23,Farmacorp,29.79
505,ENTEROGERMINA-AMPOLLA BEBIBLE,JARABE,SANOFI,155,2028-06-19,Andina Salud,46.6
506,GASTRORAL (MAGALDRATO+SIMETICONA) X200ML- JARABE,JARABE,IQFARMA,90,2028-03-19,Farmacorp,16.04
507,GRIFANTIL JARABE 60ML,JARABE,SIN MARCA,234,2026-08-18,Quimica Suiza,29.57
508,HEDRALIV (hedera helix) x120ml-JARABE,JARABE,INTIPHARMA,436,2027-03-16,Medifar,13.15
509,HEMOCYTON X340ML-JARABE,JARABE,MARKOS,288,2026-02-02,Andina Salud,33.45
510,HIDROXIDO DE ALUMINIO Y MAGNESIO-JARABE,JARABE,LAB. PORTUGAL,370,2026-10-08,Laboratorios Portugal,29.22
511,IBUPROFENO KIDS 100MG/5ML-120ML,JARABE,GENFAR,164,2026-09-16,DANY,57.48
512,LACTULOSA 3.33/5ML - JARABE,JARABE,FARMAINDUSTRIA,323,2026-06-20,Farmacorp,9.7
513,LACTULOSA 3.33gr/5ml x180ml-JARABE,JARABE,AC PHARMA,423,2026-03-11,Andina Salud,27.27
514,LAXALIV (LACTULOSA) 3.3 g/5ml Solución Oral,JARABE,LAB. PORTUGAL,344,2028-03-26,Farmacorp,31.06
515,LECHE MAGNESIA PHILLIPS X120ML-JARABE,JARABE,MEDIFARMA,280,2027-01-01,Andina Salud,57.43
516,MAGAL-D (MAGALDRATO+SIMETICONA) SUSPENSION X200ML-JARABE,JARABE,HERSIL,14,2026-10-23,DANY,52.48
517,MALDEX - JARABE,JARABE,MARKOS,351,2026-02-28,Andina Salud,13.17
518,METRONIDAZOL 250MG/5ML X60ML-JARABE,JARABE,LAB. PORTUGAL,428,2028-06-03,Andina Salud,43.66
519,MYLANTA FRESA X240ML- JARABE,JARABE,JOHNFARM,293,2027-12-22,Medifar,36.31
520,PALTOMIEL ADULTO X200ML-JARABE,JARABE,KNOP,163,2027-10-04,Laboratorios Portugal,58.85
521,PALTOMIEL INFANTIL X125ML-JARABE,JARABE,KNOP,487,2027-05-11,Andina Salud,26.65
522,PANADOL NIÃ‘OS JARABE 160MG/5ML X60ML,JARABE,PANADOL,349,2026-03-24,Farmacorp,28.7
523,PARACETAMOL 120MG/5ML X 120ML-JARABE,JARABE,LAB. PORTUGAL,63,2027-11-16,Medifar,17.87
524,Repriman 250mg/5ml Jarabe,JARABE,QUILAB,490,2028-06-06,DANY,14.35
525,SUBSALICILATO DE BISMUTO 87.33MG/5ML X240ML-FRASCO,JARABE,LAB. PORTUGAL,459,2028-09-23,Drogueria INTI,52.1
526,SUCRAGANT 1GR/5ML (SUCRALFATO) X 200ML-JARABE,JARABE,ROXAFARMA,78,2028-06-08,Farmacorp,31.65
527,SUCRALEX 1GR/5ML (sucralfato) X200ML- JARABE,JARABE,AC PHARMA,145,2028-10-27,Farmacorp,42.46
528,SUCRALFATO 1G/5ML JARABE,JARABE,AC PHARMA,69,2026-07-10,Laboratorios Portugal,41.37
529,SULFAMETOXAZOL +TRIM 200MG/5ML SUSPENSIONS X60ML,JARABE,LAB. PORTUGAL,465,2028-12-10,Drogueria INTI,39.05
530,SULFAMETOXAZOL +TRIM 400MG/5ML SUSPENSION X60ML,JARABE,LAB. PORTUGAL,64,2026-03-24,Medifar,9.11
531,TAPSIN DIA/NOCHE SOBRE SABOR LIMON,JARABE,MAYER,390,2026-12-19,Andina Salud,48.91
532,VICK 44 X120ML-JARABE,JARABE,TEVA,293,2027-10-02,Farmacorp,20.67
533,Z-TUX (HEDERA HELIX) 120ML,JARABE,INDUFAR,89,2026-10-11,DANY,14.55
534,JERINGA 1 ML C/ AGUJA 25G TUBERCULINA,JERINGA,FAMILY DOCTOR,149,2028-04-21,Laboratorios Portugal,8.9
535,JERINGA 10 ML C/AGUJA 21G,JERINGA,MEDICAL,154,2028-02-16,DANY,1.96
536,JERINGA 20 ML C/AGUJA 21G,JERINGA,FAMILY DOCTOR,319,2026-06-24,Laboratorios Portugal,11.71
537,JERINGA 3 ML C/AGUJA 21G,JERINGA,MEDICAL,117,2026-04-12,Laboratorios Portugal,3.9
538,JERINGA 5 ML C/AGUJA 21G,JERINGA,ALFYMEDIX,377,2027-03-21,Drogueria INTI,4.02
539,JERINGA 50 ML SIN AGUJA - UNIDAD,JERINGA,NIPRO,185,2026-12-22,Andina Salud,13.18
540,JERINGA AGA PARA SANGRE ARTERIAL 3ML-UNIDAD,JERINGA,NIPRO,114,2028-12-11,Medifar,5.6
541,APOSITO AUTOADHESIVO (TEGADERM) 5X8,M. MEDICO,SIN MARCA,361,2027-01-09,Farmacorp,17.15
542,APOSITO DE GASA Y ALGODÃ“N,M. MEDICO,SIN MARCA,334,2026-04-23,Laboratorios Portugal,63.83
543,BARBIJO DESECHABLES (NEGRO) X UND,M. MEDICO,SIN MARCA,446,2026-06-09,DANY,8.18
544,BOLSA COLECTORA DE ORINA,M. MEDICO,COPPON,145,2026-12-01,DANY,61.22
545,BOLSA DE COLOSTOMIA-UNIDAD,M. MEDICO,SIN MARCA,268,2026-07-15,Andina Salud,16.97
546,CANULA YANKAUER,M. MEDICO,SIN MARCA,260,2028-07-06,Andina Salud,16.06
547,CATETER DE SUCCION,M. MEDICO,ROKER,138,2027-08-13,Quimica Suiza,23.54
548,COMPRESA DE COLAGENO 10X12CM,M. MEDICO,COPPON,473,2027-09-13,Laboratorios Portugal,18.82
549,COMPRESA DE COLAGENO 5X8CM,M. MEDICO,SIN MARCA,474,2026-08-26,Drogueria INTI,48.99
550,COMPRESAS DE GASA ESTERIL 48CM X 48CM RADIOPACO,M. MEDICO,SIN MARCA,443,2028-11-25,Andina Salud,9.6
551,DREN KHERH,M. MEDICO,SIN MARCA,36,2028-04-06,Medifar,8.92
552,ESPONJA ABDOMINAL,M. MEDICO,SIN MARCA,57,2027-02-26,Quimica Suiza,56.98
553,ESPONJA DE GASA 10X10 C/HILO RADIOPACO,M. MEDICO,SIN MARCA,334,2026-05-01,Andina Salud,22.75
554,GASA ESTERIL C/PAPEL 10CM X 10CM-SOP,M. MEDICO,SIN MARCA,226,2027-05-04,Laboratorios Portugal,28.07
555,GASA ESTERIL C/PAPEL 5CM X 5CM-SOP,M. MEDICO,SIN MARCA,434,2026-06-06,Laboratorios Portugal,18.8
556,HEMOCOLAGENO 5X8CM,M. MEDICO,ALKHOFAR,151,2027-03-24,Andina Salud,11.25
557,HISOPOS ESTERILES,M. MEDICO,SIN MARCA,32,2026-09-03,DANY,53.99
558,LAPIZ ELECTROQUIRURGICO DESECHABLE,M. MEDICO,BRAUN,11,2027-10-20,DANY,40.62
559,LINEA PARA BOMBA DE INFUSION,M. MEDICO,SIN MARCA,180,2027-12-01,Medifar,54.23
560,LINEA PARA BOMBA DE INFUSION (RADIOPACO),M. MEDICO,SIN MARCA,404,2027-11-06,Quimica Suiza,37.53
561,MALLA QUIRURGICO DE PROPILENO-UNIDAD,M. MEDICO,X-MEDIC,76,2028-07-06,DANY,56.24
562,MANGA PARA CIRUGIA LAPAROSCOPICA 2.13M X18CM,M. MEDICO,SIN MARCA,336,2026-02-11,Laboratorios Portugal,39.82
563,MASCARA NEBULIZADORA PEDIATRICO - UNIDAD,M. MEDICO,SIN MARCA,144,2026-04-14,Quimica Suiza,14.76
564,PLACA DE PACIENTE UNIVERSAL BILOBULADA CON CABLE,M. MEDICO,SIN MARCA,92,2028-09-24,Drogueria INTI,39.24
565,"SONDA DE ALIMENTACION ""10""",M. MEDICO,SIN MARCA,389,2028-09-09,Andina Salud,66.62
566,"SONDA DE ALIMENTACION ""12""",M. MEDICO,SIN MARCA,236,2028-05-10,Laboratorios Portugal,10.69
567,"SONDA DE ALIMENTACION ""6""",M. MEDICO,NIPRO,292,2026-02-02,Drogueria INTI,56.56
568,"SONDA DE ALIMENTACION ""8""",M. MEDICO,NIPRO,371,2027-10-18,Quimica Suiza,61.75
569,SONDA DE ALIMENTACION NRO.14,M. MEDICO,SIN MARCA,228,2027-03-02,Drogueria INTI,40.33
570,SONDA DE ASPIRACION NÂ° 8,M. MEDICO,SIN MARCA,297,2027-01-14,Medifar,36.4
571,"SONDA DE SUCCION ""14""",M. MEDICO,SIN MARCA,14,2026-05-27,Farmacorp,67.77
572,"SONDA DE SUCCION ""16""",M. MEDICO,SIN MARCA,67,2028-11-20,Medifar,11.77
573,SONDA FOLEY # 14 30ML 4.7MM,M. MEDICO,SIN MARCA,48,2027-04-04,Quimica Suiza,37.7
574,SONDA FOLEY #10,M. MEDICO,SIN MARCA,493,2026-04-06,Medifar,32.9
575,SONDA FOLEY #12 15ML 4 MM,M. MEDICO,CUREBAND,462,2028-05-03,Laboratorios Portugal,50.54
576,SONDA FOLEY #16,M. MEDICO,SIN MARCA,363,2027-02-10,Quimica Suiza,38.4
577,SONDA FOLEY #18 (5-15ML 6MM(,M. MEDICO,SIN MARCA,472,2027-08-16,Medifar,64.4
578,SONDA NASOGASTRICA #10 x 85CM -UNIDAD,M. MEDICO,SIN MARCA,86,2028-05-03,Andina Salud,12.56
579,SONDA NASOGASTRICA #12 x 85CM -UNIDAD,M. MEDICO,SIN MARCA,289,2028-09-13,DANY,13.01
580,SONDA NASOGASTRICA #14 x 85CM -UNIDAD,M. MEDICO,SIN MARCA,28,2026-06-13,Andina Salud,45.71
581,SONDA NASOGASTRICA #16 x 85CM -UNIDAD,M. MEDICO,SIN MARCA,437,2027-03-15,Medifar,12.07
582,SONDA NASOGASTRICA #18 x 85CM -UNIDAD,M. MEDICO,SIN MARCA,199,2026-05-15,DANY,25.05
583,SONDA NASOGASTRICA #8 x 85CM -UNIDAD,M. MEDICO,SIN MARCA,308,2027-05-08,DANY,47.25
584,"SONDA NELATON ""12""",M. MEDICO,SIN MARCA,292,2027-10-02,Laboratorios Portugal,42.0
585,"SONDA NELATON ""14""",M. MEDICO,SIN MARCA,85,2026-12-22,Laboratorios Portugal,28.16
586,"SONDA NELATON ""16""",M. MEDICO,MEDICAL,230,2026-02-22,Drogueria INTI,69.67
587,SONDA NELATON NRO 8,M. MEDICO,SIN MARCA,75,2027-09-14,Laboratorios Portugal,40.89
588,"SONDA RECTAL ""14""",M. MEDICO,SIN MARCA,31,2028-04-18,Quimica Suiza,36.13
589,"SONDA RECTAL ""22""",M. MEDICO,SIN MARCA,167,2026-07-27,Andina Salud,45.54
590,"SONDA RECTAL ""26""",M. MEDICO,QUIMEDIC,196,2028-07-18,Quimica Suiza,14.15
591,"SONDA RECTAL ""28""",M. MEDICO,SIN MARCA,470,2028-08-19,Andina Salud,51.51
592,"SONDA RECTAL ""30""",M. MEDICO,SIN MARCA,487,2026-08-10,Farmacorp,60.87
593,TUBO DE ASPIRACION-ESTERIL-SUCTION CLEAN,M. MEDICO,SIN MARCA,417,2026-07-28,Laboratorios Portugal,48.36
594,TUBO DE DRENAJE PENROSE 1 X 17,M. MEDICO,SIN MARCA,450,2028-01-17,Medifar,55.68
595,TUBO DE DRENAJE PENROSE 1 X 18,M. MEDICO,ROKER,30,2028-09-26,Andina Salud,52.69
596,TUBO DE DRENAJE PENROSE 1/2 X 17,M. MEDICO,SIN MARCA,470,2028-11-20,Medifar,21.33
597,TUBO DE DRENAJE PENROSE 1/2 X 18,M. MEDICO,MEDICAL,193,2026-02-25,Farmacorp,36.0
598,TUBO DE DRENAJE PENROSE 1/4 X 17,M. MEDICO,MEDICAL,117,2027-03-06,Quimica Suiza,22.17
599,TUBO DE DRENAJE PENROSE 1/4 X 18,M. MEDICO,MEDICAL,359,2026-04-05,Medifar,29.01
600,TUBO DE DRENAJE PENROSE 3/4 X 17,M. MEDICO,MEDICAL,137,2026-07-03,Andina Salud,36.12
601,TUBO DE DRENAJE PENROSE 3/4 X 18,M. MEDICO,SIN MARCA,351,2028-07-07,Farmacorp,33.79
602,TUBO ENDOTRAQUEAL #5-UNIDAD,M. MEDICO,SIN MARCA,62,2028-03-27,Andina Salud,13.9
603,TUBO ENDOTRAQUEAL #6.5-UNIDAD,M. MEDICO,SIN MARCA,191,2028-05-11,Farmacorp,34.46
604,TUBO ENDOTRAQUEAL #7.5-UNIDAD,M. MEDICO,SIN MARCA,409,2028-02-03,Laboratorios Portugal,49.24
605,TUBO ENDOTRAQUEAL #7-UNIDAD,M. MEDICO,ROKER,296,2027-09-13,DANY,31.21
606,"VENDA ELASTICA 5"" -UNIDAD",M. MEDICO,SIN MARCA,462,2028-06-28,DANY,17.46
607,CLOTRIMAZOL 500MG -OVULO,OVULO,INDUQUIMICA,457,2027-09-15,Laboratorios Portugal,42.46
608,CLUVAX 100/100MG (Clindamicina/clotrimazol)-OVULO,OVULO,ABBOTT,218,2026-12-20,Laboratorios Portugal,14.22
609,GYNOMAX NF-OVULO,OVULO,INTIPHARMA,327,2028-09-26,Laboratorios Portugal,39.45
610,GYNOVAL FEM 500mg-OVULO,OVULO,MARKOS,393,2027-02-14,DANY,15.08
611,DUREX PRESERVATIVOS (CLASICO  JEANS)X3UND,PROFILACTICOS,DUREX,89,2026-03-19,Laboratorios Portugal,6.45
612,DUREX PRESERVATIVOS (MAX. PLACER)X3UND,PROFILACTICOS,DUREX,483,2028-10-25,Farmacorp,16.08
613,GENTS PRESERVATIVOS (ANATOMICO/AROS/CLASICO/ESPUELAS),PROFILACTICOS,GENTS,486,2026-02-19,Andina Salud,17.18
614,"PIEL PRESERVATIVOS (CLASICO,ESPUELAS, SENSITIVO,AROS)",PROFILACTICOS,APROOF,131,2026-05-28,Medifar,13.35
615,PIEL RETARDANTE X3UND,PROFILACTICOS,APROOF,452,2028-06-14,Quimica Suiza,13.8
616,ACETILCISTEINA 200MG-GRANULOS P. SOL ORAL-SOBRE,SOBRE,LABOGEN,93,2027-07-21,Quimica Suiza,4.93
617,ACETILCISTEINA 600MG-SOBRE,SOBRE,LABOGEN,419,2027-10-20,Farmacorp,3.31
618,ACIDO BORICO X1GR -SOBRE ZIPPER,SOBRE,LAB. PORTUGAL,425,2027-01-06,Andina Salud,1.86
619,BICARBONATO DE SODIO -POTEX50GR,SOBRE,SIN MARCA,100,2027-07-05,Farmacorp,3.48
620,BICARBONATO DE SODIO X50GR -SOBRE ZIPPER,SOBRE,LAB. PORTUGAL,461,2028-10-22,Quimica Suiza,5.66
621,BRIMODIN 200MG (acetilcisteÃ­na 200mg) POLVO-SOBRE,SOBRE,IQFARMA,221,2028-07-02,Farmacorp,6.25
622,FLORATIL 250MG- SOBRE,SOBRE,SIN MARCA,22,2027-06-23,DANY,7.08
623,FLUIBRONCOL 200MG (acetilcisteina) -SOBRE,SOBRE,MEDIFARMA,101,2026-01-24,Farmacorp,6.05
624,FLUIDASA 600MG-GRANULOS PARA SOLUCIO ORAL (ACETILCISTEINA),SOBRE,FARMAINDUSTRIA,387,2027-05-12,Laboratorios Portugal,7.78
625,GELIFLEX BALANCE (Polvo Para SoluciÃ³n Oral),SOBRE,IQFARMA,483,2026-06-27,Quimica Suiza,5.2
626,GLYCOLAX 3350 (polietilenglicol) x17gr-SOBRE,SOBRE,MEDIFARMA,180,2027-05-09,Laboratorios Portugal,3.46
627,LAXOFAST (polietilenglicol3350 + electrolitos),SOBRE,IQFARMA,410,2027-12-22,Laboratorios Portugal,5.05
628,MAGNESOL LIMON 5GR X33SOBRES-CAJA,SOBRE,SIN MARCA,486,2026-04-05,Medifar,2.49
629,MAGNESOL NARANJA 5GR X33SOBRES-CAJA,SOBRE,SIN MARCA,220,2027-12-15,Farmacorp,5.6
630,OXIDO DE ZINC X1GR -SOBRE ZIPPER,SOBRE,LAB. PORTUGAL,420,2027-05-24,Medifar,2.57
631,PARCHE LEON ARNICA X 1UND,SOBRE,SIN MARCA,352,2027-10-21,Farmacorp,1.76
632,SAL DE ANDREWS- SOBRE EFERVESCENTE,SOBRE,ANDREU,452,2026-04-15,Andina Salud,6.92
633,SAL DE ANDREWS TRIPLE ACCION (AZUL)-SOBRE,SOBRE,MEDIFARMA,386,2026-07-24,DANY,3.57
634,VITAPYRENA FORTE 5G-SOBRE SABOR LIMON YMIEL,SOBRE,TEVA,425,2027-09-28,Laboratorios Portugal,6.34
635,AB-MOKS FORTE -TABLETAS,TABLETA,MEDIFARMA,137,2027-01-17,Farmacorp,50.19
636,ACETAZOLAMIDA 250MG-TABLETAS,TABLETA,AC PHARMA,146,2026-02-10,Farmacorp,66.51
637,ACICLAV (AMOXICILINA 500 MG/AC. CLAVULANICO 125MG),TABLETA,OQPHARMACEUTICAL,91,2028-09-13,Drogueria INTI,69.16
638,ACICLAV 875 MG(AMOXICILINA/AC.CLAVULANICO)-TABLETAS,TABLETA,PHARMACEUTICAL,413,2026-09-19,Andina Salud,78.22
639,ACICLOVIR 200MG-TABLETA,TABLETA,PORTUGAL,369,2026-03-07,Laboratorios Portugal,67.29
640,ACIDO ACETILSALICILICO 100MG,TABLETA,SIN MARCA,65,2026-01-08,Andina Salud,52.95
641,ALBENDAZOL 200MG -TABLETA MASTICABLE,TABLETA,IQFARMA,205,2026-08-02,Medifar,54.99
642,ALCLIMAX 50MG (Sildenafilo)-TABLETA,TABLETA,QUILAB,456,2027-12-07,Medifar,11.84
643,ALERDIF 10MG (CETIRIZINA)-CAPSULA BLANDA,TABLETA,ANDREU,29,2027-06-27,DANY,75.04
644,ALERGILAB 5MG TAB (LEVOCETIRIZINA),TABLETA,LABOFAR,449,2027-09-13,Farmacorp,68.06
645,ALICAM FORTE 500MG(paracetamol)-TABLETA,TABLETA,PHARMED,250,2028-02-22,DANY,28.72
646,ALPRAZOLAM 0.5MG-TABLETA,TABLETA,IQFARMA,123,2026-04-12,DANY,22.63
647,AMITRIPTILINA 25MG-TABLETA,TABLETA,PHARMA GENERICOS,112,2027-10-15,Quimica Suiza,59.19
648,AMOSEV - CV 625 500MG/AC CLAVULANICO 125MG-TABLETAS,TABLETA,PHARMA GENERICOS,428,2026-08-19,Farmacorp,31.63
649,AMOXICILINA +AC. CLAVULANICO 500MG/125MG-TABLETA,TABLETA,JPS,480,2028-06-12,Drogueria INTI,33.79
650,AMOXICILINA +AC. CLAVULANICO 500MG/125MG-TABLETA,TABLETA,LAB. PORTUGAL,245,2026-05-24,Farmacorp,10.43
651,AMOXICILINA 500MG- CAPSULAS,TABLETA,REYO,189,2028-02-10,Laboratorios Portugal,70.89
652,AMOXICILINA 500MG- TABLETA,TABLETA,IQFARMA,166,2026-07-02,Drogueria INTI,49.64
653,ANAFLEX MUJER-CAPSULA BLANDA,TABLETA,BAGO,430,2026-10-25,Farmacorp,38.05
654,ANAFLEXÂª MUJER NF,TABLETA,BAGO,417,2026-04-21,Medifar,19.93
655,ANGIDEX 30MG (Nifedipino)-TABLETA LIBERACION PROLONGADO,TABLETA,LAB. PORTUGAL,456,2026-11-07,Laboratorios Portugal,54.32
656,ANTALGINA 500MG TABLETAS,TABLETA,TEVA,126,2027-11-14,Farmacorp,12.15
657,ANTIGRIPINA PLUS - TAB,TABLETA,QUILAB,124,2028-01-28,Laboratorios Portugal,62.23
658,APRONAX 550 MG-TAB,TABLETA,BAYER,22,2028-01-16,Medifar,25.06
659,APROXEN 550MG (NAPROXENO)-TABLETA,TABLETA,OQPHARMACEUTICAL,347,2026-11-06,Quimica Suiza,39.39
660,APROXOL 1000 1G,TABLETA,MARKOS,108,2028-01-08,Quimica Suiza,33.86
661,APROXOL PLUS (PARACETAMOL + TRAMADOL),TABLETA,MARKOS,214,2027-10-26,DANY,35.9
662,ARCODEX 90MG (ETORICOXB)-TABLETA,TABLETA,SIN MARCA,178,2027-12-23,Andina Salud,60.51
663,ASPIRINA 100MG-TABLETA,TABLETA,BAYER,152,2028-05-14,Farmacorp,64.38
664,ATENOLOL 100MG-TABLETA,TABLETA,IQFARMA,452,2027-06-15,Andina Salud,49.73
665,ATORVASTATINA 20MG-TABLETA,TABLETA,LAB. PORTUGAL,45,2027-04-15,Laboratorios Portugal,15.95
666,ATORVASTATINA 40MG -TABLETA,TABLETA,LABOFAR,405,2027-11-17,Farmacorp,13.68
667,AZITROMICINA 500- TAB,TABLETA,AC PHARMA,152,2028-07-19,Quimica Suiza,21.02
668,BACCIDAL 500MG (CIPROFLOXACINO)-TABLETA,TABLETA,PHARMED CORPORATION,189,2026-01-17,Drogueria INTI,53.25
669,BACTAMOX 500mg (amoxicilina)- Capsulas,TABLETA,OQPHARMACEUTICAL,338,2028-06-18,Andina Salud,57.18
670,BACTRIM 400/80MG -TABLETA,TABLETA,ROCHE,270,2028-10-20,Laboratorios Portugal,29.05
671,BIOBRONCOL 500(CEFALEXINA/AMBROXOL)-CAPSULA,TABLETA,IQFARMA,214,2027-05-22,Andina Salud,56.34
672,BISMUTOL- TABLETA MASTICABLE,TABLETA,TEVA,357,2026-08-03,Quimica Suiza,44.0
673,BRIMODIN 600MG (Acetilcisteina)- TABLETA EFERVESCENTE,TABLETA,IQFARMA,441,2027-05-21,Quimica Suiza,40.94
674,BUSCAPINA 10MG-(hioscina n-butilbromuro)-GRAGEA,TABLETA,SANOFI,284,2027-05-09,Drogueria INTI,29.12
675,BUSCAPINA COMPUESTA N-TABLETA,TABLETA,SANOFI,179,2028-12-21,Laboratorios Portugal,62.85
676,CAPTOPRIL 25MG TAB,TABLETA,FARMAINDUSTRIA,490,2027-04-05,Andina Salud,17.97
677,CARBAMAZEPINA 200MG -TABLETA,TABLETA,IQFARMA,24,2028-04-02,Quimica Suiza,40.09
678,CARBAMAZEPINA 200MG-TABLETA,TABLETA,MEDROCK,69,2028-07-22,Laboratorios Portugal,29.83
679,CEFABRONCOL DUO (CEFALEXINA+ AMBROXOL)750MG- TABLETAS,TABLETA,MEDIFARMA,459,2027-11-05,Quimica Suiza,57.49
680,CEFALEXINA 500mg - CAPSULA,TABLETA,PHARMA GENERICOS,143,2028-01-21,Drogueria INTI,44.06
681,CEFALEXINA 500MG -CAPSULA,TABLETA,FARMAINDUSTRIA,101,2027-05-09,Drogueria INTI,56.7
682,CEFALEXINA 500MG-TABLETA,TABLETA,AC PHARMA,307,2027-07-13,Medifar,13.18
683,CEFMARK 500MG (cefalexina) -TABLETA,TABLETA,MARKOS,145,2028-01-19,Farmacorp,37.67
684,CEFUNAT (cefalexina 500mg),TABLETA,IQFARMA,29,2028-10-27,Laboratorios Portugal,51.95
685,CEFUROXIMA 500MG-TABLETA,TABLETA,IQFARMA,65,2026-06-24,Medifar,10.54
686,CEFUROXIMA 500MG-TABLETA,TABLETA,AC PHARMA,315,2028-04-22,Drogueria INTI,31.1
687,CELECOXIB 200MG-CAPSULA,TABLETA,LAB. PORTUGAL,232,2028-11-26,Laboratorios Portugal,24.79
688,CELEPOXX (celecoxib) 200mg CÃ¡psulas,TABLETA,LAB. PORTUGAL,186,2027-11-12,DANY,19.61
689,CETIRIZINA 10MG-TABLETAS,TABLETA,FARMAINDUSTRIA,383,2028-05-28,Quimica Suiza,27.89
690,CHAO X 1-TABLETA,TABLETA,SIN MARCA,412,2026-11-18,Drogueria INTI,32.97
691,CIPROCALMEX 500MG (CIPROFLOXACINO),TABLETA,ROXFARMA,170,2026-05-04,Andina Salud,10.54
692,CIPROFLOXACINO 500MG,TABLETA,FARMAINDUSTRIA,233,2027-03-24,Quimica Suiza,62.29
693,CIPROFLOXACINO 500MG,TABLETA,LABOT,320,2027-12-26,Medifar,22.3
694,CIPROFLOXACINO 500MG -TABLETA,TABLETA,LAB. PORTUGAL,271,2028-03-22,Laboratorios Portugal,36.61
695,CIRUELAX FORTE 125MG (Ex. Hoja Cassia)-TABLETA,TABLETA,GARDEN HOUSE,69,2027-11-03,Medifar,59.26
696,CLARITROMICINA 500MG-TABLETAS,TABLETA,LABOGEN,207,2026-06-08,Medifar,45.02
697,CLAVUTRIM CL 12H 875mg/125mg Tableta,TABLETA,LAB. PORTUGAL,470,2028-05-14,Laboratorios Portugal,68.33
698,CLAVUTRIM CL 500MG/125MG TABL.REC,TABLETA,LAB. PORTUGAL,305,2027-06-09,Quimica Suiza,66.43
699,CLENXOL F (clembuterol/ambroxol)-TABLETA,TABLETA,DELFARMA,107,2028-05-15,DANY,15.05
700,CLINDA C 300MG (CLINDAMICINA)-CAPSULA,TABLETA,DELFARMA,140,2026-08-02,Farmacorp,70.32
701,CLINDAMICINA 300MG-CAPSULA,TABLETA,PHARMA GEN,32,2028-10-19,Farmacorp,12.96
702,CLINDAMICINA 300MG-CAPSULA,TABLETA,FARMAINDUSTRIA,372,2028-02-16,Farmacorp,11.31
703,CLINDAMICINA 300MG-CAPSULA,TABLETA,IQFARMA,233,2026-09-04,Laboratorios Portugal,74.48
704,CLONAZEPAM 0.5MG-TABLETA,TABLETA,FARMAINDUSTRIA,10,2028-07-17,Drogueria INTI,70.35
705,CLONAZEPAM 2MG-TABLETA,TABLETA,FARMAINDUSTRIA,276,2027-07-02,DANY,50.3
706,CLORANFENICOL 500MG-CAPSULA,TABLETA,LAB. PORTUGAL,483,2026-03-07,Drogueria INTI,50.14
707,CLORFENAMINA 4MG-TABLETAS,TABLETA,INDUQUIMICA,422,2027-07-19,Laboratorios Portugal,59.66
708,CLORFENAMINA MALEATO 4MG-TABLETA,TABLETA,LAB. PORTUGAL,285,2027-03-11,Andina Salud,39.24
709,COMPLEJO B -TABLETA,TABLETA,QUILAB,361,2028-03-25,Quimica Suiza,18.06
710,DALMATROL PLUS (TRAMADOL + PARACETAMOL)-TABLETA,TABLETA,IQFARMA,378,2026-08-11,Andina Salud,11.46
711,DAMICOCYN 1.5MG (levonogestrel)-TABLETA,TABLETA,BONAPHARMA,491,2028-03-11,Laboratorios Portugal,32.73
712,Desazona (DEXAMETASONA) 4Mg Tabletas,TABLETA,LAB. PORTUGAL,389,2028-01-01,Laboratorios Portugal,66.09
713,DEXAMARK 4 mg (dexametasona)Tab.,TABLETA,MARKOS,387,2027-05-07,DANY,53.27
714,DEXAMETASONA 4MG-TABLETA,TABLETA,FARMAINDUSTRIA,353,2026-10-25,Drogueria INTI,68.24
715,DEXAMETASONA 4MG-TABLETA,TABLETA,LAB. PORTUGAL,110,2026-08-26,Quimica Suiza,74.38
716,DICLOFENACO 100MG-TABLETA,TABLETA,PORTUGAL,196,2026-03-20,Medifar,16.17
717,DICLOFENACO 50MG- TABLETA,TABLETA,IQFARMA,230,2027-11-14,DANY,69.11
718,DICLOXACILINA 500mg,TABLETA,PORTUGAL,45,2027-07-16,Quimica Suiza,27.03
719,DICLOXACILINA 500MG-CAPSULA,TABLETA,IQFARMA,495,2027-01-02,Drogueria INTI,51.22
720,DIGESTAL 100MG + 50MG,TABLETA,MEDIFARMA,350,2028-04-24,DANY,46.68
721,DIGESTASE 80MG (simeticona)-TABLETA MASTICABLE,TABLETA,SIN MARCA,481,2027-01-11,Medifar,37.7
722,DIGOXINA 0.25MG-TABLETAS,TABLETA,IQFARMA,179,2028-04-01,DANY,31.72
723,DIMENHIDRINATO 50MG TABLETA,TABLETA,QUILAB,329,2028-01-21,Medifar,33.77
724,DIMENHIDRINATO 50MG-TABLETA,TABLETA,PORTUGAL,170,2028-04-08,Quimica Suiza,33.31
725,DOLMACAF 1GR (PARACETAMOL 1GR)-TABLETAS,TABLETA,LABOT,349,2028-06-10,Laboratorios Portugal,21.77
726,DOLO DOLFENEX FORTE (diclof+ tiam+piridx+cianoc)-TABLETA,TABLETA,IQFARMA,444,2026-02-13,DANY,45.73
727,DOLO NEUROFOR (diclof 50mg+ tiam+piridx+cianoc)-TABLETA,TABLETA,MARKOS,73,2028-10-10,Farmacorp,17.98
728,DOLO NEUROPRES FORTE (DICLOFENACO SODICO 50 MG/COMPLEJO B),TABLETA,PHARMED,378,2026-02-27,Drogueria INTI,45.7
729,DOLOAPROXOL DUAL FORTE NF-TABLETA,TABLETA,MARKOS,470,2026-05-10,Drogueria INTI,73.41
730,DOLOCORDRALAN EXTRAFORTE-TABLETA,TABLETA,ANSOLAT,163,2027-12-17,Farmacorp,34.46
731,DOLOIBUPRESS FORTE (paracetamol/ibuprofeno)-tableta,TABLETA,PHARMED,269,2028-09-11,Andina Salud,60.92
732,DOLOKETAL 10MG (ketorolaco)-TABLETA,TABLETA,MARKOS,168,2027-11-05,Andina Salud,67.33
733,DOLOMOL 1GR (paracetamol) TABLETA,TABLETA,SIN MARCA,351,2027-08-12,Drogueria INTI,67.05
734,DOLONEUROBION FORTE-TABLETA,TABLETA,P&G,219,2026-03-26,Farmacorp,26.54
735,DOLOPARAMIDOL NF (paracetamol/ibuprofeno) COMP REC.-TABLETA,TABLETA,MARKOS,177,2027-01-08,Farmacorp,20.25
736,DOLORLESS RELAX (CLORZOXAZONA 250MG/PARACETAMOL 300MG )- TAB,TABLETA,INDUQUIMICA,216,2026-12-05,Medifar,23.81
737,DOXICICLINA 100MG-CAPSULA,TABLETA,LAB. PORTUGAL,366,2026-12-01,Laboratorios Portugal,52.17
738,ELEVAMAX 100MG (sildenafilo),TABLETA,INTIPHARMA,161,2028-09-06,Andina Salud,63.22
739,EMKIT 1.5MG -COMPRIMIDO,TABLETA,SIN MARCA,293,2026-06-23,Andina Salud,55.89
740,ENALAPRIL 10MG-TABLETA,TABLETA,LAB. PORTUGAL,75,2028-01-13,Medifar,22.4
741,ENALAPRIL 10MG-TABLETA,TABLETA,FARMAINDUSTRIA,108,2028-05-25,Quimica Suiza,64.1
742,ENDDOL (PARACETAMOL 500MG/DICLOFENACO 50MG)-TABLETA,TABLETA,DELFARMA,225,2028-10-02,DANY,44.59
743,EQUALAX 5MG (Bisacodilo)-TABLETA,TABLETA,MEDIFARMA,350,2028-01-22,Andina Salud,62.81
744,ESOMEPRAZOL 40MG -TABLETA,TABLETA,BONAPHARMA,491,2026-11-27,Medifar,63.19
745,ESOMEPRAZOL 40MG-TABLETA,TABLETA,GENFAR,204,2026-01-23,Farmacorp,41.42
746,ESPASMO ANTALGINA (METAMIZOL 250MG/HIOSCINA10MG)-TABLETA,TABLETA,TEVA,356,2026-07-15,Quimica Suiza,74.69
747,ETORICOXIB 120MG-TABLETA,TABLETA,BONAPHARMA,393,2027-02-18,DANY,49.51
748,ETORICOXIB 90MG-TABLETA REC,TABLETA,BONAPHARMA,472,2027-08-23,Drogueria INTI,54.47
749,EVITTA 1.5MG -COMPRIMIDO,TABLETA,SIN MARCA,99,2026-04-23,Farmacorp,53.72
750,FAMILIA 28 (LEVONOGESTREL 0.15MG+ETINIL ESTRADIOL 0.03MG) 28TB,TABLETA,PAKPHARMA,325,2028-11-01,Quimica Suiza,70.5
751,FENAZOPIRIDINA 100MG,TABLETA,LAB. PORTUGAL,301,2027-07-22,Laboratorios Portugal,53.91
752,FENAZOPIRIDINA 100MG-TABLETA IQ,TABLETA,IQFARMA,164,2026-11-17,Medifar,20.57
753,FLAGYL 500MG(METRONIDAZOL) -TAB,TABLETA,SANOFI,217,2027-10-20,Laboratorios Portugal,14.78
754,FLATUZYM ADVANCE(METOCLOPRAMIDA/SIMETICONA/ENZIMAS)-CAPSULAS,TABLETA,SIN MARCA,290,2028-03-14,Farmacorp,40.95
755,FLEX 4MG (PIRIDINOL)-COMPRIMIDO RECUBIERTO,TABLETA,BAGO,436,2026-09-24,Laboratorios Portugal,31.2
756,FLOXIPEN 500MG (dicloxacilina)-CAPSULA,TABLETA,TOBAL,10,2028-02-10,Quimica Suiza,29.23
757,FLOXITAN 750 MG (LEVOFLOXACINO),TABLETA,MARKOS,165,2026-02-16,Drogueria INTI,13.93
758,FLUCONAZOL 200MG-CAPSULA,TABLETA,GENFAR,156,2026-10-07,Laboratorios Portugal,45.51
759,FURAZOLIDONA 100MG-TABLETA,TABLETA,LAB. PORTUGAL,117,2027-09-07,Farmacorp,31.73
760,FUROSEMIDA 40MG -TABLETA,TABLETA,FARMAINDUSTRIA,230,2027-12-14,DANY,41.63
761,GABAPENTINA 300 mg,TABLETA,PHARMA GENERICOS,412,2027-03-02,Farmacorp,13.98
762,GABAPENTINA 300MG TAB,TABLETA,PHARMA GENERICOS,306,2028-08-07,Andina Salud,68.22
763,GABAPENTINA 300MG-TABLETA,TABLETA,DANY,320,2028-08-11,Laboratorios Portugal,15.37
764,GABAPENTINA 300MG-TABLETA,TABLETA,LABOGEN,345,2026-01-01,DANY,70.5
765,GASEOVET MS (MAGALDRATO+SIMETICONA)-TABLETA MASTICABLE,TABLETA,MEDIFARMA,174,2028-02-04,Quimica Suiza,69.87
766,GASLESS MAX (SIMETICONA) TAB 80mg,TABLETA,INDUQUIMICA,248,2028-11-16,Quimica Suiza,53.05
767,GASTRORAL - TAB - MASTICABLE,TABLETA,IQFARMA,236,2026-02-25,Andina Salud,45.49
768,GEMFIBROZILO 600MG -TABLETA,TABLETA,IQFARMA,236,2028-02-24,DANY,42.39
769,GLEMINEX 500(Metformina+glibenclamida)-TABLETA,TABLETA,GENFAR,355,2028-02-09,Laboratorios Portugal,48.8
770,GLIBENCLAMIDA 5MG -TABLETA,TABLETA,IQFARMA,119,2028-04-15,Medifar,65.43
771,GRIPA C JUNIOR-TABLETA MASTICABLE,TABLETA,MEDIFARMA,271,2027-05-15,DANY,72.71
772,GRIPACHECK -CAPSULA BLANDA,TABLETA,BONAPHARMA,252,2026-02-27,Medifar,41.48
773,GRIPALERT PLUS TAB,TABLETA,MARKOS,416,2026-01-28,Andina Salud,66.69
774,HEPABIONTA GRAGEA,TABLETA,P&G,471,2027-06-26,Farmacorp,55.63
775,HEPAVIT B COMPLEX-CAPSULA,TABLETA,MARKOS,417,2028-06-14,Drogueria INTI,32.51
776,HIDROCLOROTIAZIDA 25MG-TABLETA,TABLETA,IQFARMA,386,2028-02-04,Medifar,43.29
777,HIOSCINA BUTIL BROMURO 10MG - TABLETA,TABLETA,LABOGEN,96,2026-01-28,Laboratorios Portugal,20.56
778,HISALER COMP. (CETIRIZINA),TABLETA,SIN MARCA,347,2026-11-21,Drogueria INTI,14.33
779,HYOSPAN 10MG (hioscina)-TABLETA,TABLETA,YEMPAC,53,2026-06-12,Quimica Suiza,17.25
780,IBUPROFENO 400 mg TAB,TABLETA,LAB. PORTUGAL,155,2027-10-09,Quimica Suiza,72.94
781,IBUPROFENO 400MG-TABLETA,TABLETA,GENFAR,273,2028-02-12,Medifar,34.04
782,IBUPROFENO 800MG-TABLETA,TABLETA,PORTUGAL,349,2027-03-04,Farmacorp,60.0
783,IRBERSARTAN 300MG-TABLETA,TABLETA,LAB. PORTUGAL,334,2027-07-15,Quimica Suiza,45.32
784,KETAXAL (KETOROLACO 10MG) TAB,TABLETA,PHARMA GEN,327,2027-07-23,Drogueria INTI,22.08
785,KETOPROFENO 100MG-TABLETA,TABLETA,INDUQUIMICA,181,2027-07-21,Farmacorp,27.34
786,KETOPROFENO 100MG-TABLETA,TABLETA,GENFAR,57,2026-02-05,Medifar,40.64
787,KETOROLACO 10MG-TABLETA,TABLETA,FARMAINDUSTRIA,429,2028-12-02,Quimica Suiza,40.76
788,KETOX 10MG (ketorolaco)-TABLETA,TABLETA,LABOFAR,497,2026-02-14,Medifar,46.59
789,KITADOL MIGRAÃ‘A SOBRE X2TAB,TABLETA,TEVA,394,2028-08-26,DANY,21.11
790,KITAMASS (ketorolaco) 10mg Tableta recubierta,TABLETA,LAB. PORTUGAL,130,2028-11-15,Farmacorp,36.1
791,LANSOPRAZOL 30MG-TAB,TABLETA,LAB. PORTUGAL,354,2026-10-13,Farmacorp,29.8
792,LANZO-DEL (LANSOPRAZOL 30 MG )TAB,TABLETA,DELFARMA,168,2027-10-01,Farmacorp,38.61
793,LEVOCTRIM 500MG (LEVOFLOXACINO)-TABLETA,TABLETA,LAB. PORTUGAL,125,2028-12-05,Andina Salud,33.69
794,LEVOCTRIM 750MG (Levofloxacino)-TABLETA,TABLETA,LAB. PORTUGAL,422,2027-08-04,Laboratorios Portugal,51.85
795,LEVO-DEL 5MG (LEVOCETIRIZINA)-TAB,TABLETA,DELFARMA,111,2027-08-02,Andina Salud,65.25
796,LEVOFLOXACINO 500MG-TABLETA,TABLETA,LABOGEN,85,2026-05-21,Drogueria INTI,55.31
797,LEVONELLE 500MG (levofloxacino 500mg),TABLETA,IQFARMA,22,2027-01-23,Farmacorp,14.61
798,LOPERAMIDA 2MG - TABLETA,TABLETA,LAB. PORTUGAL,33,2028-09-25,Laboratorios Portugal,16.62
799,LORATADINA 10MG-TABLETA,TABLETA,FARMAINDUSTRIA,135,2028-10-24,Farmacorp,57.49
800,LOSARTAN 50MG-TABLETA,TABLETA,SHEFARMA,253,2028-04-22,Laboratorios Portugal,29.89
801,MEDRAVOL 50MG (dimenhidrinato)-TABLETA,TABLETA,MEDROCK,322,2027-09-17,Quimica Suiza,60.66
802,MEJORAL-TABLETA,TABLETA,MEDIFARMA,445,2028-12-20,Drogueria INTI,55.96
803,MELOXICAM 15 mg Tableta,TABLETA,LAB. PORTUGAL,403,2026-07-22,Laboratorios Portugal,73.44
804,METAGESIC 325MG/37.5MG -COMPRIMIDO RECUBIERTO -CONTROLADO,TABLETA,BAGO,47,2028-04-16,Drogueria INTI,71.13
805,METFORMINA 850MG- TABLETA,TABLETA,JPS,243,2027-11-22,Medifar,33.34
806,METILDOPA 250MG-TABLETA,TABLETA,HERSIL,222,2028-07-05,Farmacorp,50.79
807,METOCLOPRAMIDA 10MG-TABLETA,TABLETA,IQFARMA,463,2028-10-02,Quimica Suiza,19.9
808,METOCLOPRAMIDA 10mg-TABLETA,TABLETA,FARMAINDUSTRIA,332,2026-11-06,Medifar,34.49
809,METRONIDAZOL 500MG-TABLETA,TABLETA,LAB. PORTUGAL,304,2028-08-28,Laboratorios Portugal,77.74
810,MIGRADORIXINA (PARACETAMOL+CAFEINA+ERGOTAMINA) -TABLETAS,TABLETA,ROEMMERS,109,2027-03-03,Andina Salud,58.89
811,MIGRALIVIA (PARACETAMOL+AC. ACETILSA+CAFEINA)-TABLETAS,TABLETA,MEDROK,377,2027-06-08,Laboratorios Portugal,37.44
812,MIODEL RELAX NF-TABLETA,TABLETA,DELFARMA,366,2027-05-02,DANY,51.65
813,MIOFEDROL RELAX PLUS NF-TABLET,TABLETA,MARKOS,206,2028-04-18,Farmacorp,75.66
814,Misulona 200mg CÃ¡psulas Blandas,TABLETA,BONAPHARMA,263,2028-07-13,Laboratorios Portugal,31.67
815,MS-EDATRA 10MG (hioscina)-TABLETA,TABLETA,MS PHARMA,214,2026-02-15,Drogueria INTI,36.37
816,MYCTRIM BALSAMICO-TABLETA,TABLETA,MEDROCK,134,2027-10-15,Laboratorios Portugal,65.42
817,MYCTRIM FORTE 800MG (SULFA+TRIM)-TABLETAS,TABLETA,MEDROK,85,2026-08-15,Farmacorp,66.92
818,MYSTOL 200UM (misoprostol)-TABLETA,TABLETA,MARKOS,345,2027-02-16,Farmacorp,56.91
819,NAPRODEL 550 (naproxeno)mg Tab. recubierta,TABLETA,DELFARMA,362,2028-11-01,Andina Salud,68.03
820,NAPROXENO SODICO 550 mg,TABLETA,LAB. PORTUGAL,12,2026-07-14,Quimica Suiza,61.71
821,NAPROXENO SODICO 550 mg,TABLETA,MEDROCK,467,2026-09-18,Quimica Suiza,57.98
822,NAPROXENO SODICO 550MG-TABLETAS,TABLETA,FARMAINDUSTRIA,394,2026-02-26,Quimica Suiza,46.85
823,Nastizol junior NF Antigripal Comprimidos masticables,TABLETA,BAGO,450,2028-10-21,Medifar,55.22
824,NEUROFOR-TABLETA,TABLETA,MARKOS,404,2027-09-18,Quimica Suiza,39.64
825,NEUROVEN 500MG (valproato de sodio) -TABLETAS,TABLETA,MARKOS,463,2026-11-22,Medifar,35.33
826,NiKZON Tableta Masticable,TABLETA,SIN MARCA,64,2027-06-12,Laboratorios Portugal,35.38
827,NOSIPREX 20MG (prednisona)-TABLETA,TABLETA,TOBAL,408,2026-04-28,Andina Salud,22.62
828,NUCLEO CMP FORTE-CAPSULA,TABLETA,SIN MARCA,227,2027-06-18,Farmacorp,24.99
829,OMEPRAZOL 20 MG-LIBERACION RETARDADA-CAPSULA,TABLETA,JPS,122,2028-10-16,Medifar,76.34
830,OMEPRAZOL 20MG-CAPSULA,TABLETA,LAB. PORTUGAL,100,2028-11-12,Laboratorios Portugal,44.04
831,ORACEF 500MG (Cefuroxima)-TABLETA,TABLETA,MARKOS,421,2028-08-04,Andina Salud,25.86
832,ORFENADRINA 100MG-TABLETA,TABLETA,FARMAINDUSTRIA,500,2026-11-08,Medifar,19.63
833,ORFENADRINA 100MG-TABLETA,TABLETA,AC PHARMA,366,2026-06-12,DANY,15.4
834,PALDOLOR EXTRA FORTE -TABLETA,TABLETA,HERSIL,275,2028-05-18,Andina Salud,69.11
835,PANADOL ANTIGRIPAL NF X2-TABLETA,TABLETA,PANADOL,247,2028-06-23,DANY,17.08
836,PANADOL FORTE X2 TABLETAS,TABLETA,PANADOL,35,2026-01-06,Laboratorios Portugal,63.96
837,PANADOL NIÃ‘OS-TABLETA MASTICABLE,TABLETA,PANADOL,295,2027-03-27,DANY,68.46
838,PANTOPRAZOL 40MG-TABLETA,TABLETA,LAB. PORTUGAL,137,2028-12-24,Quimica Suiza,71.86
839,PARACETAMOL 500 mg TAB,TABLETA,LUSA,479,2027-02-09,DANY,12.64
840,PARACETAMOL 500MG TABLETA,TABLETA,GENFAR,444,2028-04-07,Quimica Suiza,33.57
841,PARASITEL 200MG(ALBENDAZOL)-TABLETA,TABLETA,MARKOS,72,2026-07-07,Laboratorios Portugal,63.64
842,PENBRONK 20MG (prednisona) -TABLETA,TABLETA,INDUFAR,243,2027-04-23,DANY,19.17
843,PENTRAX AC 875MG/125MG (amoxicilina/ac. clavulanico)-TABLETA,TABLETA,SIN MARCA,78,2027-02-25,Andina Salud,36.37
844,PLAKIT 1.5MG (levonogestrel) -TABLETA,TABLETA,INTIPHARMA,420,2027-01-21,DANY,21.36
845,PLAKIT 1.5MG TAB,TABLETA,INTIPHARMA,247,2028-10-04,DANY,68.19
846,PLIDAN COMPUESTO -TABLETA,TABLETA,MEGALABS,351,2027-08-22,Drogueria INTI,63.98
847,PLIDOCHEK (IBUPROFENO 400MG),TABLETA,BONAPHARMA,281,2028-09-05,Andina Salud,66.63
848,PLIMADOL COMPUESTO -TAB- 500MG+10MG,TABLETA,LYFARM,296,2027-01-17,Medifar,21.59
849,POSTINOR 1X1 (LEVONOGESTREL 1.5MG),TABLETA,GEDEON,314,2028-01-18,Andina Salud,40.64
850,PREDNISONA 20MG,TABLETA,IQFARMA,172,2027-10-16,Laboratorios Portugal,38.76
851,PREDNISONA 20MG -TABLETA,TABLETA,AC PHARMA,496,2028-03-23,Farmacorp,57.35
852,PREDNISONA 50MG,TABLETA,AC PHARMA,396,2028-03-24,Drogueria INTI,26.63
853,PREDNISONA 5MG-TABLETA,TABLETA,IQFARMA,466,2026-02-13,Andina Salud,41.09
854,PREGABALINA 75MG-CAPSULA,TABLETA,BONAPHARMA,236,2028-10-20,Drogueria INTI,29.94
855,PREGABALINA 75MG-CAPSULAS,TABLETA,DAXOLAB,323,2027-09-13,Drogueria INTI,62.4
856,PREVENCEL X30 CAPSULAS- CAJA,TABLETA,BAGO,427,2027-10-23,DANY,41.42
857,PROMIZEM (NAPROXENO) 550 mg,TABLETA,INDUQUIMICA,378,2026-05-13,Andina Salud,47.38
858,PROSTAL -CAPSULAS,TABLETA,MARKOS,466,2027-05-15,Andina Salud,31.66
859,PROSTANSUL - HG (TAMSULOSINA 0.4MG),TABLETA,SIN MARCA,268,2026-03-14,Quimica Suiza,66.6
860,RANITIDINA 300MG-TABLETA,TABLETA,LAB. PORTUGAL,228,2028-12-24,Andina Salud,42.83
861,REDOXON TOTAL X 10COMPRIMIDO EFERVE. X1 TUBO,TABLETA,BAYER,435,2028-05-27,Andina Salud,68.46
862,REFLUPRAZOL (ESOMEPRAZOL 20MG)-TABLETAS,TABLETA,QMPH,474,2028-09-28,Quimica Suiza,35.75
863,REPRIMAN 500MG-TABLETA,TABLETA,QUILAB,290,2027-12-24,Quimica Suiza,76.3
864,REVERTIR (ORLISTAT 120MG),TABLETA,IQFARMA,238,2028-11-07,Farmacorp,78.91
865,ROWACHOL NF-PERLA,TABLETA,ROWA,469,2026-04-20,DANY,42.32
866,ROWATINEX-PERLA,TABLETA,ROWA,91,2028-05-22,Andina Salud,29.72
867,SERTRALINA 50MG-TABLETA,TABLETA,MEDROK,390,2027-11-05,Medifar,36.73
868,SILDEN UP 100MG (sildenafilo)-TABLETA,TABLETA,DELFARMA,451,2028-11-06,Drogueria INTI,46.92
869,SILDENAFILO 100MG-TABLETA,TABLETA,MARFAN,253,2028-09-23,Laboratorios Portugal,77.64
870,SIMETICONA 80MG-TABLETA MASTICABLE,TABLETA,FARMAINDUSTRIA,240,2028-06-23,Quimica Suiza,67.18
871,SIMETICONA 80MG-TABLETA MASTICABLE,TABLETA,IQFARMA,142,2026-06-18,Laboratorios Portugal,66.09
872,SOROJCHI PILLS-CAPSULA,TABLETA,CRESPAL,394,2027-10-19,Andina Salud,19.69
873,SULFACID BALSAMICO (SULFAMETOXAZOL800+TRIMETROPIN -TABLETAS,TABLETA,PHARMA GENERICOS,136,2028-12-14,Medifar,27.5
874,SULFACID FORTE (SULFAMETOXAZOL800+TRIMETROPIN) -TABLETA,TABLETA,PHARMED,440,2028-12-27,Drogueria INTI,54.88
875,SULFAMETOXAZOL+TRIMETROPIMA 800/160MG,TABLETA,PORTUGAL,336,2028-05-28,Andina Salud,71.19
876,SUPOSITORIO GLICERINA ADULTO-UNIDAD,TABLETA,SIN MARCA,151,2027-01-17,Medifar,48.82
877,SUPOSITORIO GLICERINA NIÃ‘O-PEDIATRICO-UNIDAD,TABLETA,SIN MARCA,402,2026-01-13,DANY,17.18
878,Supradyn Gragea,TABLETA,BAYER,408,2026-01-22,Drogueria INTI,69.21
879,TAMSULOSINA 0.4MG-CAPSULA,TABLETA,BONAPHARMA,276,2026-04-09,Medifar,69.58
880,TAMSULOSINA 0.4MG-CAPSULA,TABLETA,DIPHASAC,258,2026-05-22,Quimica Suiza,29.95
881,TANDERIL 50mg (diclofenaco sodico),TABLETA,MARKOS,330,2027-03-27,Andina Salud,63.42
882,TENSIFLEX (CLORZOXAZONA 250MG/PARACETAMOL 300MG)-TABLETA,TABLETA,BAGO,132,2026-12-26,Medifar,29.1
883,TENSIFLEX (CLORZOXAZONA 250MG/PARACETAMOL 300MG)-TABLETA,TABLETA,BAGO,150,2027-04-25,Medifar,73.37
884,TERAZOSINA 5MG-TABLETA RECUBIERTA,TABLETA,LAB. PORTUGAL,235,2028-01-12,Andina Salud,20.31
885,TOBAN NF 2MG( LOPERAMIDA)-TABLETAS,TABLETA,EUROPHARMA,49,2027-02-20,Drogueria INTI,40.62
886,TRAMADOL 50MG-CAPSULA,TABLETA,GENFAR,375,2028-12-18,Andina Salud,76.25
887,TRAMADOL 50MG-TABLETA (CONTROLADOS),TABLETA,MEDROCK,156,2026-12-21,Medifar,25.54
888,TRAMINOFENOL (TRAMADOL+ACETAMINOFEN) -TABLETA,TABLETA,GENFAR,130,2028-07-08,Laboratorios Portugal,41.58
889,TRANEXPALM 250MG (Ac. Tranexamico)-TABLETA,TABLETA,SYNOKEM,149,2028-12-10,DANY,34.47
890,TRANSAMIN 250MG (AC. TRANEXAMICO)-TABLETAS,TABLETA,EUROPHARMA,181,2028-11-02,Farmacorp,11.87
891,TRAXAR FAST 250MG (ACIDO TRANEXAMICO)-CAPSULA,TABLETA,YARGO,173,2027-07-14,Laboratorios Portugal,13.73
892,TRICOFAR 500 (METRONIDAZOL),TABLETA,INDUFAR,467,2028-06-18,Drogueria INTI,45.14
893,ULCELUX 40MG-TABLETAS,TABLETA,SIN MARCA,286,2026-01-24,Medifar,26.5
894,Ulcepack amoxicilina+claritromicina+esomeprazol liberaciÃ³n retardada,TABLETA,LAB. PORTUGAL,51,2027-04-20,Farmacorp,79.62
895,UROBAC 500MG (Ciprofloxacino)-TABLETA,TABLETA,MARKOS,80,2027-04-21,DANY,36.24
896,UROCIPROX FORTE (cipro+fenazo)-TABLETA,TABLETA,SIN MARCA,87,2028-12-21,Drogueria INTI,11.97
897,UROFURIN 100MG(Nitrofurantoina)-TABLETA,TABLETA,IQFARMA,128,2027-10-18,Laboratorios Portugal,75.16
898,URONOR 100mg (FENAZOPIRIDINA)-TABLETA,TABLETA,MARKOS,206,2028-10-07,Quimica Suiza,68.74
899,UROPOL FORTE 200MG (FENAZOPIRIDINA)-TABLETA,TABLETA,HERSIL,365,2028-04-10,Andina Salud,55.5
900,UROTAN D-(diclofenaco/fenazopiridina)-TABLETA,TABLETA,MARKOS,88,2027-03-22,Drogueria INTI,65.4
901,URSOCODEX 250MG (ac. ursodesoxicolico)-CAPSULA,TABLETA,IQFARMA,371,2026-03-06,Drogueria INTI,19.63
902,VENUX 100MG(Sildenafilo) -TABLETA,TABLETA,MARKOS,119,2028-09-04,Medifar,30.08
903,VICLORAX 100MG (doxicilina)-CAPSULA,TABLETA,ROXFARMA,42,2027-01-14,Farmacorp,68.08
904,VITAMINA C + ZINC TUBO X 20TAB EFERVECENTES,TABLETA,SIN MARCA,222,2027-09-09,Laboratorios Portugal,58.73
905,VITAMINA C + ZINC-TAB MASTICABLE,TABLETA,GENFAR,218,2026-03-19,Drogueria INTI,19.72
906,VITAMINA E 400U.I. -CAPSULA BLANDA,TABLETA,UNIMED,179,2027-01-11,Andina Salud,59.39
907,WARMI -CAPSULA,TABLETA,HERSIL,287,2027-12-05,Drogueria INTI,41.4
908,ZARIDON 1GR (paracetamol) - TABLETA,TABLETA,PHARMED,248,2026-03-11,Drogueria INTI,10.37
909,ZITROZIN (Azitromicina) 500mg-TABLETA,TABLETA,MARKOS,222,2028-01-25,Medifar,15.55
910,BRONCOBUTOL PLUS-UNITOMA,UNITOMA,FARVET,41,2028-10-27,Drogueria INTI,26.52
911,BRONCOPHAR PLUS-UNITOMA,UNITOMA,FARVET,115,2028-05-16,Farmacorp,52.57
912,CORTIDIEPHAR X5ML -UNTOMA,UNITOMA,FARVET,436,2028-09-12,Medifar,39.7
913,DIMENS DIEPHAR-UNITOMA (Loratadina),UNITOMA,FARVET,225,2026-12-11,Quimica Suiza,47.73
914,ENTEROPHAR FORTE-UNITOMA (furazolidona),UNITOMA,FARVET,209,2028-04-06,DANY,38.75
915,MAFIDOL (Paracetamol 120mg/5ml) -UNITOMA,UNITOMA,FARVET,473,2028-02-26,Quimica Suiza,20.0
916,BAJA LENGUA - PEDIATRICO,SIN CATEGORIA,SIN MARCA,404,2028-03-14,DANY,17.96
917,CHAQUETA DESCARTABLE,SIN CATEGORIA,SIN MARCA,309,2028-09-13,Laboratorios Portugal,18.55
918,CIFRUT CITRUS JUGO 350ML,INSUMOS B&G,SIN MARCA,494,2026-06-08,Laboratorios Portugal,2.48
919,CONTRACTUVEX,SIN CATEGORIA,SIN MARCA,366,2026-11-11,Laboratorios Portugal,23.89
920,FARMACOS ENDOVENOSOS,SIN CATEGORIA,SIN MARCA,20,2027-06-10,Medifar,40.73
921,FREE TEA LIMON (PLASTICO) 500ML,INSUMOS B&G,SIN MARCA,448,2026-10-17,Farmacorp,6.57
922,HOJA DE BISTURI NÂº 12,SIN CATEGORIA,SIN MARCA,460,2027-09-27,Medifar,9.99
923,HOJA DE BISTURI NÂº 20,SIN CATEGORIA,SIN MARCA,401,2028-01-04,Medifar,45.73
924,JUGO KRISS 500ML,INSUMOS B&G,SIN MARCA,304,2028-06-15,DANY,7.97
925,Lactato De Ringer SoluciÃ³n Inyectable 1000ml,SIN CATEGORIA,SIN MARCA,204,2026-11-20,Medifar,5.74
926,MAMELUCO DESCARTABLE,SIN CATEGORIA,SIN MARCA,254,2028-04-02,Medifar,28.19
927,PANTALON DESCARTABLE,SIN CATEGORIA,SIN MARCA,13,2028-06-13,Drogueria INTI,15.89
928,PRODUCTOS FARMACEUTICOS HETEROGENEOS,SIN CATEGORIA,SIN MARCA,492,2026-07-09,Laboratorios Portugal,11.46
929,RUTINA SAVITAL Shampo +Accondicionar+Crema de Peinar -FRASCO,SIN CATEGORIA,SIN MARCA,190,2028-12-10,Laboratorios Portugal,24.32
930,SONDA RECTAL NÂº16,SIN CATEGORIA,SIN MARCA,162,2026-09-27,DANY,32.67
931,SPORADE CHUPON 625ML,INSUMOS B&G,SIN MARCA,395,2027-09-26,Andina Salud,4.41
932,VICRYL - SUTURA,SIN CATEGORIA,SIN MARCA,209,2028-08-16,Quimica Suiza,23.75
